# 3ds Max Wavefront OBJ Exporter v0.97b - (c)2007 guruware
# File Created: 03.05.2017 18:54:33

#
# object Cylinder001
#

#
# object Box001
#

v  -12.6961 0.0000 31.2992
v  -12.6961 0.0000 -69.4982
v  4.0531 0.0000 -69.4982
v  4.0531 0.0000 31.2992
v  -12.6961 61.9457 -69.4982
v  -12.6961 61.9457 31.2992
v  4.0531 61.9457 31.2992
v  4.0531 61.9457 -69.4982
v  -12.6961 51.2626 41.9822
v  -12.6961 10.6830 41.9822
v  4.0531 10.6830 41.9822
v  4.0531 51.2626 41.9822
v  11.5417 32.2489 39.1416
v  11.5417 32.2489 -77.6057
v  11.5417 40.7251 -77.6057
v  11.5417 40.7251 39.1416
v  4.0531 51.2626 -80.1813
v  4.0531 10.6830 -80.1813
v  -12.6961 10.6830 -80.1813
v  -12.6961 51.2626 -80.1813
v  -20.1847 59.4435 31.1901
v  -20.1847 59.4435 -69.3891
v  -20.1847 59.2339 -71.9082
v  -20.1847 58.9947 -73.8842
v  -20.1847 58.2604 -75.3932
v  -20.1847 57.1576 -76.4960
v  -20.1847 55.6487 -77.2302
v  -20.1847 53.6727 -77.5139
v  -20.1847 51.1536 -77.6057
v  -20.1847 2.5797 -69.3891
v  -20.1847 10.7921 -77.6057
v  -20.1847 8.2730 -77.5139
v  -20.1847 6.2970 -77.2302
v  -20.1847 4.7881 -76.4960
v  -20.1847 3.6853 -75.3932
v  -20.1847 2.9510 -73.8842
v  -20.1847 2.6674 -71.9082
v  -20.1847 2.5797 31.1901
v  -20.1847 2.6674 33.7092
v  -20.1847 2.9510 35.6852
v  -20.1847 3.6853 37.1942
v  -20.1847 4.7881 38.2969
v  -20.1847 6.2970 39.0312
v  -20.1847 8.2730 39.3148
v  -20.1847 10.7921 39.4016
v  -20.1847 51.1536 39.4016
v  -20.1847 53.6727 39.3148
v  -20.1847 55.6487 39.0312
v  -20.1847 57.1576 38.2969
v  -20.1847 58.2604 37.1941
v  -20.1847 58.9947 35.6852
v  -20.1847 59.3579 33.7092
v  -12.6961 0.2180 -72.3325
v  4.0531 0.2180 -72.3325
v  4.0531 0.2180 34.1334
v  -12.6961 0.2180 34.1334
v  -12.6961 61.7277 34.1334
v  4.0531 61.7277 34.1334
v  4.0531 61.7277 -72.3325
v  -12.6961 61.7277 -72.3325
v  -12.6961 0.8721 -74.7307
v  4.0531 0.8721 -74.7307
v  -12.6961 1.9622 -76.6929
v  4.0531 1.9622 -76.6929
v  -12.6961 3.4883 -78.2191
v  4.0531 3.4883 -78.2191
v  -12.6961 5.4505 -79.3092
v  4.0531 5.4505 -79.3092
v  -12.6961 7.8488 -79.9632
v  4.0531 7.8488 -79.9632
v  4.0531 0.8721 36.5317
v  -12.6961 0.8721 36.5317
v  4.0531 1.9622 38.4939
v  -12.6961 1.9622 38.4939
v  4.0531 3.4883 40.0200
v  -12.6961 3.4883 40.0200
v  4.0531 5.4505 41.1101
v  -12.6961 5.4505 41.1101
v  4.0531 7.8488 41.7642
v  -12.6961 7.8488 41.7642
v  -12.6961 61.0736 36.5317
v  4.0531 61.0736 36.5317
v  -12.6961 59.9835 38.4939
v  4.0531 59.9835 38.4939
v  -12.6961 58.4574 40.0200
v  4.0531 58.4574 40.0200
v  -12.6961 56.4952 41.1101
v  4.0531 56.4952 41.1101
v  -12.6961 54.0969 41.7642
v  4.0531 54.0969 41.7642
v  4.0531 61.0736 -74.7307
v  -12.6961 61.0736 -74.7307
v  4.0531 59.9835 -76.6929
v  -12.6961 59.9835 -76.6929
v  4.0531 58.4574 -78.2191
v  -12.6961 58.4574 -78.2191
v  4.0531 56.4952 -79.3092
v  -12.6961 56.4952 -79.3092
v  4.0531 54.0969 -79.9632
v  -12.6961 54.0969 -79.9632
v  8.3899 0.0000 -69.4982
v  8.3899 0.0000 31.2992
v  -17.0328 0.0000 31.2992
v  -17.0328 0.0000 -69.4982
v  8.3899 61.9457 31.2992
v  8.3899 61.9457 -69.4982
v  -17.0328 61.9457 -69.4982
v  -17.0328 61.9457 31.2992
v  8.3899 10.6830 41.9822
v  8.3899 51.2626 41.9822
v  -17.0328 51.2626 41.9822
v  -17.0328 10.6830 41.9822
v  -17.0328 10.6830 -80.1813
v  -17.0328 51.2626 -80.1813
v  8.3899 51.2626 -80.1813
v  8.3899 10.6830 -80.1813
v  8.3899 0.2180 -72.3325
v  -17.0328 0.2180 -72.3325
v  -17.0328 0.2180 34.1334
v  8.3899 0.2180 34.1334
v  8.3899 61.7277 34.1334
v  -17.0328 61.7277 34.1334
v  -17.0328 61.7277 -72.3325
v  8.3899 61.7277 -72.3325
v  8.3899 0.8721 -74.7307
v  -17.0328 0.8721 -74.7307
v  8.3899 1.9622 -76.6929
v  -17.0328 1.9622 -76.6929
v  8.3899 3.4883 -78.2191
v  -17.0328 3.4883 -78.2191
v  8.3899 5.4505 -79.3092
v  -17.0328 5.4505 -79.3092
v  8.3899 7.8488 -79.9632
v  -17.0328 7.8488 -79.9632
v  -17.0328 0.8721 36.5317
v  8.3899 0.8721 36.5317
v  -17.0328 1.9622 38.4939
v  8.3899 1.9622 38.4939
v  -17.0328 3.4883 40.0200
v  8.3899 3.4883 40.0200
v  -17.0328 5.4505 41.1101
v  8.3899 5.4505 41.1101
v  -17.0328 7.8488 41.7642
v  8.3899 7.8488 41.7642
v  8.3899 61.0736 36.5317
v  -17.0328 61.0736 36.5317
v  8.3899 59.9835 38.4939
v  -17.0328 59.9835 38.4939
v  8.3899 58.4574 40.0200
v  -17.0328 58.4574 40.0200
v  8.3899 56.4952 41.1101
v  -17.0328 56.4952 41.1101
v  8.3899 54.0969 41.7642
v  -17.0328 54.0969 41.7642
v  -17.0328 61.0736 -74.7307
v  8.3899 61.0736 -74.7307
v  -17.0328 59.9835 -76.6929
v  8.3899 59.9835 -76.6929
v  -17.0328 58.4574 -78.2191
v  8.3899 58.4574 -78.2191
v  -17.0328 56.4952 -79.3092
v  8.3899 56.4952 -79.3092
v  -17.0328 54.0969 -79.9632
v  8.3899 54.0969 -79.9632
v  9.7688 0.1775 -69.4914
v  9.7688 0.1775 31.2923
v  9.7688 61.7682 31.2923
v  9.7688 61.7682 -69.4914
v  9.7688 10.6899 41.8047
v  9.7688 51.2558 41.8047
v  11.3447 51.2013 -78.5834
v  11.5417 51.1536 -77.6057
v  11.5417 10.7921 -77.6057
v  11.3447 10.7444 -78.5834
v  9.7688 0.3711 34.1069
v  9.7688 10.6899 -80.0037
v  9.7688 7.8753 -79.8102
v  9.7688 54.0704 41.6111
v  9.7688 61.5746 -72.3060
v  9.7688 7.8753 41.6111
v  9.7688 5.5034 40.9802
v  9.7688 3.5696 39.9123
v  9.7688 2.0699 38.4126
v  9.7688 1.0020 36.4788
v  9.7688 0.3711 -72.3060
v  9.7688 1.0020 -74.6778
v  9.7688 2.0699 -76.6117
v  9.7688 3.5696 -78.1114
v  9.7688 5.5034 -79.1792
v  9.7688 61.5746 34.1069
v  9.7688 60.9437 36.4788
v  9.7688 59.8758 38.4126
v  9.7688 58.3761 39.9123
v  9.7688 56.4423 40.9802
v  9.7688 54.0704 -79.8102
v  9.7688 51.2558 -80.0037
v  9.7688 56.4423 -79.1792
v  9.7688 58.3761 -78.1114
v  9.7688 59.8758 -76.6117
v  9.7688 60.9437 -74.6778
v  10.7538 0.7101 -69.4709
v  10.7538 0.7101 31.2719
v  11.3447 1.5978 -69.4369
v  11.3447 1.5978 31.2378
v  11.5417 2.5797 -69.3891
v  11.5417 2.5797 31.1901
v  10.7538 61.2356 31.2719
v  10.7538 61.2356 -69.4709
v  11.3447 60.3479 31.2378
v  11.3447 60.3479 -69.4369
v  11.5417 59.4435 31.1901
v  11.5417 59.4435 -69.3891
v  10.7538 10.7103 41.2721
v  10.7538 51.2354 41.2721
v  11.3447 10.7444 40.3844
v  11.3447 51.2013 40.3844
v  11.5417 10.7921 39.4016
v  11.5417 51.1536 39.4016
v  10.7538 10.7103 -79.4711
v  10.7538 51.2354 -79.4711
v  10.7538 0.8304 34.0274
v  11.3447 1.5958 33.8948
v  11.5417 2.6674 33.7092
v  10.7538 7.9548 -79.3509
v  11.3447 8.0874 -78.5855
v  11.5417 8.2730 -77.5139
v  10.7538 53.9909 41.1518
v  11.3447 53.8583 40.3864
v  11.5417 53.6727 39.3148
v  10.7538 61.1153 -72.2264
v  11.3447 60.3499 -72.0938
v  11.5417 59.4361 -71.9082
v  10.7538 7.9548 41.1518
v  11.3447 8.0874 40.3864
v  11.5417 8.2730 39.3148
v  10.7538 5.6622 40.5904
v  11.3447 5.9267 39.9407
v  11.5417 6.2970 39.0312
v  10.7538 3.8133 39.5892
v  11.3447 4.2194 39.0508
v  11.5417 4.7881 38.2969
v  10.7538 2.3930 38.1689
v  11.3447 2.9314 37.7628
v  11.5417 3.6853 37.1941
v  10.7538 1.3918 36.3200
v  11.3447 2.0415 36.0555
v  11.5417 2.9510 35.6852
v  10.7538 0.8304 -72.2264
v  11.3447 1.5958 -72.0938
v  11.5417 2.6674 -71.9082
v  10.7538 1.3918 -74.5191
v  11.3447 2.0415 -74.2546
v  11.5417 2.9510 -73.8842
v  10.7538 2.3930 -76.3680
v  11.3447 2.9314 -75.9618
v  11.5417 3.6853 -75.3932
v  10.7538 3.8133 -77.7883
v  11.3447 4.2194 -77.2498
v  11.5417 4.7881 -76.4960
v  10.7538 5.6622 -78.7894
v  11.3447 5.9267 -78.1398
v  11.5417 6.2970 -77.2302
v  10.7538 61.1153 34.0274
v  11.3447 60.3499 33.8948
v  11.5417 59.3579 33.7092
v  10.7538 60.5539 36.3200
v  11.3447 59.9042 36.0555
v  11.5417 58.9947 35.6852
v  10.7538 59.5527 38.1689
v  11.3447 59.0143 37.7628
v  11.5417 58.2604 37.1941
v  10.7538 58.1324 39.5892
v  11.3447 57.7263 39.0508
v  11.5417 57.1576 38.2969
v  10.7538 56.2835 40.5904
v  11.3447 56.0190 39.9407
v  11.5417 55.6487 39.0312
v  10.7538 53.9909 -79.3509
v  11.3447 53.8583 -78.5855
v  11.5417 53.6727 -77.5139
v  10.7538 56.2835 -78.7894
v  11.3447 56.0190 -78.1398
v  11.5417 55.6487 -77.2302
v  10.7538 58.1324 -77.7883
v  11.3447 57.7263 -77.2498
v  11.5417 57.1576 -76.4960
v  10.7538 59.5527 -76.3680
v  11.3447 59.0143 -75.9618
v  11.5417 58.2604 -75.3932
v  10.7538 60.5539 -74.5191
v  11.3447 59.9042 -74.2546
v  11.5417 58.9947 -73.8842
v  -18.4117 0.1775 31.2923
v  -18.4117 0.1775 -69.4914
v  -18.4117 61.7682 -69.4914
v  -18.4117 61.7682 31.2923
v  -18.4117 51.2558 41.8047
v  -18.4117 10.6899 41.8047
v  -18.4117 10.6899 -80.0037
v  -18.4117 51.2558 -80.0037
v  -18.4117 7.8753 41.6111
v  -18.4117 0.3711 -72.3060
v  -18.4117 61.5746 34.1069
v  -18.4117 54.0704 -79.8102
v  -18.4117 0.3711 34.1069
v  -18.4117 1.0020 36.4788
v  -18.4117 2.0699 38.4126
v  -18.4117 3.5696 39.9123
v  -18.4117 5.5034 40.9802
v  -18.4117 7.8753 -79.8102
v  -18.4117 5.5034 -79.1792
v  -18.4117 3.5696 -78.1114
v  -18.4117 2.0699 -76.6117
v  -18.4117 1.0020 -74.6778
v  -18.4117 54.0704 41.6111
v  -18.4117 56.4423 40.9802
v  -18.4117 58.3761 39.9123
v  -18.4117 59.8758 38.4126
v  -18.4117 60.9437 36.4788
v  -18.4117 61.5746 -72.3060
v  -18.4117 60.9437 -74.6778
v  -18.4117 59.8758 -76.6117
v  -18.4117 58.3761 -78.1114
v  -18.4117 56.4423 -79.1792
v  -19.3967 0.7101 31.2719
v  -19.3967 0.7101 -69.4709
v  -19.9877 1.5978 31.2378
v  -19.9877 1.5978 -69.4368
v  -19.3967 61.2356 -69.4709
v  -19.3967 61.2356 31.2719
v  -19.9877 60.3479 -69.4368
v  -19.9877 60.3479 31.2378
v  -19.3967 51.2354 41.2721
v  -19.3967 10.7103 41.2721
v  -19.9877 51.2013 40.3844
v  -19.9877 10.7444 40.3844
v  -19.3967 10.7103 -79.4711
v  -19.3967 51.2354 -79.4711
v  -19.9877 10.7444 -78.5834
v  -19.9877 51.2013 -78.5834
v  -19.3967 7.9548 41.1518
v  -19.9877 8.0874 40.3864
v  -19.3967 0.8304 -72.2264
v  -19.9877 1.5958 -72.0938
v  -19.3967 61.1153 34.0274
v  -19.9877 60.3499 33.8948
v  -19.3967 53.9909 -79.3509
v  -19.9877 53.8583 -78.5855
v  -19.3967 0.8304 34.0274
v  -19.9877 1.5958 33.8948
v  -19.3967 1.3918 36.3200
v  -19.9877 2.0415 36.0555
v  -19.3967 2.3930 38.1689
v  -19.9877 2.9314 37.7628
v  -19.3967 3.8133 39.5892
v  -19.9877 4.2194 39.0508
v  -19.3967 5.6622 40.5904
v  -19.9877 5.9267 39.9407
v  -19.3967 7.9548 -79.3509
v  -19.9877 8.0874 -78.5855
v  -19.3967 5.6622 -78.7894
v  -19.9877 5.9267 -78.1398
v  -19.3967 3.8133 -77.7883
v  -19.9877 4.2194 -77.2498
v  -19.3967 2.3930 -76.3680
v  -19.9877 2.9314 -75.9618
v  -19.3967 1.3918 -74.5191
v  -19.9877 2.0415 -74.2546
v  -19.3967 53.9909 41.1518
v  -19.9877 53.8583 40.3864
v  -19.3967 56.2835 40.5904
v  -19.9877 56.0190 39.9407
v  -19.3967 58.1324 39.5892
v  -19.9877 57.7263 39.0508
v  -19.3967 59.5527 38.1689
v  -19.9877 59.0143 37.7628
v  -19.3967 60.5539 36.3200
v  -19.9877 59.9042 36.0555
v  -19.3967 61.1153 -72.2264
v  -19.9877 60.3499 -72.0938
v  -19.3967 60.5539 -74.5191
v  -19.9877 59.9042 -74.2546
v  -19.3967 59.5527 -76.3680
v  -19.9877 59.0143 -75.9618
v  -19.3967 58.1324 -77.7883
v  -19.9877 57.7263 -77.2498
v  -19.3967 56.2835 -78.7894
v  -19.9877 56.0190 -78.1398
v  9.4126 59.4435 31.1901
v  9.4126 59.4435 -69.3891
v  9.4126 59.3579 33.7092
v  9.4126 58.9947 35.6852
v  9.4126 58.2604 37.1941
v  9.4126 57.1576 38.2969
v  9.4126 55.6487 39.0312
v  9.4126 53.6727 39.3148
v  9.4126 51.1536 39.4016
v  9.4126 40.7251 39.1416
v  9.4126 40.7251 -77.6057
v  9.4126 51.1536 -77.6057
v  9.4126 53.6727 -77.5139
v  9.4126 55.6487 -77.2302
v  9.4126 57.1576 -76.4960
v  9.4126 58.2604 -75.3932
v  9.4126 58.9947 -73.8842
v  9.4126 59.4361 -71.9082
v  9.4126 44.9482 -41.1882
v  9.4126 44.8171 -40.9822
v  9.4126 44.7861 -40.9335
v  9.4126 44.7662 -40.9022
v  9.4126 44.6502 -40.5780
v  9.4126 44.6095 -40.2249
v  9.4126 44.6095 -35.4085
v  9.4126 44.6095 -34.0232
v  9.4126 44.6095 -18.6714
v  9.4126 44.6095 -2.4274
v  9.4126 44.6095 0.6833
v  9.4126 44.6095 2.6764
v  9.4126 44.6095 3.1652
v  9.4126 45.1869 -41.4269
v  9.4126 45.4730 -41.6089
v  9.4126 45.7972 -41.7249
v  9.4126 46.1503 -41.7657
v  9.4126 54.2167 -41.7657
v  9.4126 54.5698 -41.7249
v  9.4126 54.8940 -41.6089
v  9.4126 55.0247 -41.5258
v  9.4126 55.0431 -41.5141
v  9.4126 55.1801 -41.4269
v  9.4126 55.4188 -41.1882
v  9.4126 55.6008 -40.9021
v  9.4126 55.7168 -40.5779
v  9.4126 55.7575 -40.2249
v  9.4126 55.7575 -6.1368
v  9.4126 55.7575 -2.3977
v  9.4126 55.7575 -1.4318
v  9.4126 55.7575 0.6837
v  9.4126 55.7575 2.6741
v  9.4126 55.7575 3.1652
v  9.4126 55.7168 3.5183
v  9.4126 55.6008 3.8425
v  9.4126 55.4778 4.0358
v  9.4126 55.4324 4.1071
v  9.4126 55.4188 4.1286
v  9.4126 55.1801 4.3673
v  9.4126 54.8940 4.5493
v  9.4126 54.5698 4.6653
v  9.4126 54.4239 4.6821
v  9.4126 54.3190 4.6942
v  9.4126 54.2595 4.7011
v  9.4126 54.2515 4.7020
v  9.4126 54.2167 4.7060
v  9.4126 54.1950 4.7060
v  9.4126 54.0558 4.7060
v  9.4126 53.9049 4.7060
v  9.4126 50.0354 4.7060
v  9.4126 49.9220 4.7060
v  9.4126 49.8401 4.7060
v  9.4126 49.8301 4.7060
v  9.4126 49.7642 4.7060
v  9.4126 49.7291 4.7060
v  9.4126 48.3021 4.7060
v  9.4126 48.0613 4.7060
v  9.4126 46.1503 4.7060
v  9.4126 45.7972 4.6653
v  9.4126 45.4730 4.5493
v  9.4126 45.1869 4.3673
v  9.4126 44.9482 4.1286
v  9.4126 44.7662 3.8425
v  9.4126 44.6502 3.5182
v  8.2865 45.4730 4.5493
v  8.2865 45.1869 4.3673
v  8.2865 44.9482 4.1286
v  8.2865 45.7972 4.6653
v  8.2865 46.1503 4.7060
v  8.2865 44.6095 -2.4274
v  8.2865 44.6502 3.5182
v  8.2865 44.6095 3.1652
v  8.2865 44.6095 2.6764
v  8.2865 44.7662 3.8425
v  8.2865 44.6095 0.6833
v  8.2865 44.6095 -18.6714
v  8.2865 48.0613 4.7060
v  8.2865 44.6095 -34.0232
v  8.2865 48.3021 4.7060
v  8.2865 45.7972 -41.7249
v  8.2865 46.1503 -41.7657
v  8.2865 54.2167 -41.7657
v  8.2865 45.4730 -41.6089
v  8.2865 45.1869 -41.4269
v  8.2865 53.9049 4.7060
v  8.2865 55.7575 2.6741
v  8.2865 55.7575 3.1652
v  8.2865 55.7168 3.5183
v  8.2865 55.7575 0.6837
v  8.2865 55.6008 3.8425
v  8.2865 55.7575 -1.4318
v  8.2865 55.4778 4.0358
v  8.2865 55.7575 -2.3977
v  8.2865 55.4324 4.1071
v  8.2865 55.4188 4.1286
v  8.2865 55.7575 -6.1368
v  8.2865 55.1801 4.3673
v  8.2865 55.7575 -40.2249
v  8.2865 55.7168 -40.5779
v  8.2865 55.6008 -40.9021
v  8.2865 55.4188 -41.1882
v  8.2865 54.8940 4.5493
v  8.2865 54.5698 4.6653
v  8.2865 54.4239 4.6821
v  8.2865 55.1801 -41.4269
v  8.2865 54.3190 4.6942
v  8.2865 55.0431 -41.5141
v  8.2865 54.2595 4.7011
v  8.2865 55.0247 -41.5258
v  8.2865 54.2515 4.7020
v  8.2865 54.2167 4.7060
v  8.2865 54.8940 -41.6089
v  8.2865 54.1950 4.7060
v  8.2865 54.5698 -41.7249
v  8.2865 54.0558 4.7060
v  8.2865 50.0354 4.7060
v  8.2865 44.9482 -41.1882
v  8.2865 49.9220 4.7060
v  8.2865 44.8171 -40.9822
v  8.2865 44.7861 -40.9335
v  8.2865 49.8401 4.7060
v  8.2865 44.7662 -40.9022
v  8.2865 49.8301 4.7060
v  8.2865 44.6502 -40.5780
v  8.2865 49.7642 4.7060
v  8.2865 44.6095 -40.2249
v  8.2865 49.7291 4.7060
v  8.2865 44.6095 -35.4085
v  11.6038 54.8662 13.5592
v  11.6038 54.7667 12.5490
v  8.9619 54.7667 12.5490
v  8.9619 54.8662 13.5592
v  11.6038 54.4720 11.5777
v  8.9619 54.4720 11.5777
v  11.6038 53.9935 10.6825
v  8.9619 53.9935 10.6825
v  11.6038 53.3496 9.8979
v  8.9619 53.3496 9.8979
v  11.6038 52.5649 9.2539
v  8.9619 52.5649 9.2539
v  11.6038 51.6698 8.7754
v  8.9619 51.6698 8.7754
v  11.6038 50.6984 8.4808
v  8.9619 50.6984 8.4808
v  11.6038 49.6883 8.3813
v  8.9619 49.6883 8.3813
v  11.6038 48.6781 8.4808
v  8.9619 48.6781 8.4808
v  11.6038 47.7068 8.7754
v  8.9619 47.7068 8.7754
v  11.6038 46.8116 9.2539
v  8.9619 46.8116 9.2539
v  11.6038 46.0269 9.8979
v  8.9619 46.0269 9.8979
v  11.6038 45.3830 10.6825
v  8.9619 45.3830 10.6825
v  11.6038 44.9045 11.5777
v  8.9619 44.9045 11.5777
v  11.6038 44.6098 12.5490
v  8.9619 44.6098 12.5490
v  11.6038 44.5104 13.5592
v  8.9619 44.5104 13.5592
v  11.6038 44.6098 14.5693
v  8.9619 44.6098 14.5693
v  11.6038 44.9045 15.5407
v  8.9619 44.9045 15.5407
v  11.6038 45.3830 16.4359
v  8.9619 45.3830 16.4359
v  11.6038 46.0269 17.2205
v  8.9619 46.0269 17.2205
v  11.6038 46.8116 17.8645
v  8.9619 46.8116 17.8645
v  11.6038 47.7068 18.3429
v  8.9619 47.7068 18.3429
v  11.6038 48.6781 18.6376
v  8.9619 48.6781 18.6376
v  11.6038 49.6883 18.7371
v  8.9619 49.6883 18.7371
v  11.6038 50.6984 18.6376
v  8.9619 50.6984 18.6376
v  11.6038 51.6698 18.3429
v  8.9619 51.6698 18.3429
v  11.6038 52.5649 17.8644
v  8.9619 52.5649 17.8644
v  11.6038 53.3496 17.2205
v  8.9619 53.3496 17.2205
v  11.6038 53.9935 16.4359
v  8.9619 53.9935 16.4359
v  11.6038 54.4720 15.5407
v  8.9619 54.4720 15.5407
v  11.6038 54.7667 14.5693
v  8.9619 54.7667 14.5693
v  11.9582 54.0378 15.3608
v  11.9582 53.6027 16.1747
v  11.9582 53.0172 16.8881
v  11.9582 54.3961 13.5592
v  11.9582 52.3038 17.4736
v  11.9582 51.4899 17.9087
v  11.9582 49.6883 18.2670
v  11.9582 50.6067 18.1766
v  11.9582 48.7698 18.1766
v  11.9582 47.8866 17.9087
v  11.9582 46.3593 16.8881
v  11.9582 47.0727 17.4736
v  11.9582 45.7738 16.1747
v  11.9582 45.3388 15.3608
v  11.9582 44.9804 13.5592
v  11.9582 45.0709 14.4776
v  11.9582 45.0709 12.6407
v  11.9582 45.3388 11.7576
v  11.9582 46.3593 10.2302
v  11.9582 45.7738 10.9436
v  11.9582 47.0727 9.6447
v  11.9582 47.8866 9.2097
v  11.9582 49.6883 8.8513
v  11.9582 48.7698 8.9418
v  11.9582 50.6067 8.9418
v  11.9582 51.4899 9.2097
v  11.9582 53.0172 10.2302
v  11.9582 52.3038 9.6447
v  11.9582 53.6027 10.9436
v  11.9582 54.0377 11.7576
v  11.9582 54.3057 12.6407
v  11.9582 54.3057 14.4776
v  11.8696 54.6703 13.5592
v  11.8696 54.5745 12.5872
v  11.8696 54.2910 11.6527
v  11.8696 53.8306 10.7913
v  11.8696 53.2111 10.0364
v  11.8696 52.4561 9.4168
v  11.8696 51.5948 8.9564
v  11.8696 50.6602 8.6729
v  11.8696 49.6883 8.5772
v  11.8696 48.7163 8.6729
v  11.8696 47.7817 8.9564
v  11.8696 46.9204 9.4168
v  11.8696 46.1654 10.0364
v  11.8696 45.5459 10.7913
v  11.8696 45.0855 11.6527
v  11.8696 44.8020 12.5872
v  11.8696 44.7062 13.5592
v  11.8696 44.8020 14.5311
v  11.8696 45.0855 15.4657
v  11.8696 45.5459 16.3270
v  11.8696 46.1654 17.0820
v  11.8696 46.9204 17.7016
v  11.8696 47.7817 18.1620
v  11.8696 48.7163 18.4455
v  11.8696 49.6883 18.5412
v  11.8696 50.6602 18.4455
v  11.8696 51.5948 18.1620
v  11.8696 52.4561 17.7016
v  11.8696 53.2111 17.0820
v  11.8696 53.8306 16.3270
v  11.8696 54.2910 15.4657
v  11.8696 54.5745 14.5311
v  10.2337 55.1405 27.8774
v  10.2337 55.1026 27.4926
v  9.2275 55.1026 27.4926
v  9.2275 55.1405 27.8774
v  10.2337 54.9903 27.1227
v  9.2275 54.9903 27.1227
v  10.2337 54.8081 26.7817
v  9.2275 54.8081 26.7817
v  10.2337 54.5628 26.4828
v  9.2275 54.5628 26.4828
v  10.2337 54.2639 26.2376
v  9.2275 54.2639 26.2376
v  10.2337 53.9230 26.0553
v  9.2275 53.9230 26.0553
v  10.2337 53.5530 25.9431
v  9.2275 53.5530 25.9431
v  10.2337 53.1682 25.9052
v  9.2275 53.1682 25.9052
v  10.2337 52.7835 25.9431
v  9.2275 52.7835 25.9431
v  10.2337 52.4135 26.0553
v  9.2275 52.4135 26.0553
v  10.2337 52.0725 26.2376
v  9.2275 52.0725 26.2376
v  10.2337 51.7737 26.4828
v  9.2275 51.7737 26.4828
v  10.2337 51.5284 26.7817
v  9.2275 51.5284 26.7817
v  10.2337 51.3461 27.1227
v  9.2275 51.3461 27.1227
v  10.2337 51.2339 27.4926
v  9.2275 51.2339 27.4926
v  10.2337 51.1960 27.8774
v  9.2275 51.1960 27.8774
v  10.2337 51.2339 28.2622
v  9.2275 51.2339 28.2622
v  10.2337 51.3461 28.6321
v  9.2275 51.3461 28.6321
v  10.2337 51.5284 28.9731
v  9.2275 51.5284 28.9731
v  10.2337 51.7737 29.2720
v  9.2275 51.7737 29.2720
v  10.2337 52.0725 29.5173
v  9.2275 52.0725 29.5173
v  10.2337 52.4135 29.6995
v  9.2275 52.4135 29.6995
v  10.2337 52.7835 29.8117
v  9.2275 52.7835 29.8117
v  10.2337 53.1682 29.8496
v  9.2275 53.1682 29.8496
v  10.2337 53.5530 29.8117
v  9.2275 53.5530 29.8117
v  10.2337 53.9230 29.6995
v  9.2275 53.9230 29.6995
v  10.2337 54.2639 29.5173
v  9.2275 54.2639 29.5173
v  10.2337 54.5628 29.2720
v  9.2275 54.5628 29.2720
v  10.2337 54.8081 28.9731
v  9.2275 54.8081 28.9731
v  10.2337 54.9903 28.6321
v  9.2275 54.9903 28.6321
v  10.2337 55.1026 28.2622
v  9.2275 55.1026 28.2622
v  10.3688 54.8249 28.5636
v  10.3688 54.6592 28.8736
v  10.3688 54.4362 29.1454
v  10.3688 54.9614 27.8774
v  10.3688 54.1645 29.3684
v  10.3688 53.8545 29.5341
v  10.3688 53.1682 29.6706
v  10.3688 53.5181 29.6361
v  10.3688 52.8184 29.6361
v  10.3688 52.4820 29.5341
v  10.3688 51.9003 29.1454
v  10.3688 52.1720 29.3684
v  10.3688 51.6772 28.8737
v  10.3688 51.5115 28.5636
v  10.3688 51.3750 27.8774
v  10.3688 51.4095 28.2272
v  10.3688 51.4095 27.5276
v  10.3688 51.5115 27.1912
v  10.3688 51.9002 26.6094
v  10.3688 51.6772 26.8812
v  10.3688 52.1720 26.3864
v  10.3688 52.4820 26.2207
v  10.3688 53.1682 26.0842
v  10.3688 52.8184 26.1187
v  10.3688 53.5181 26.1187
v  10.3688 53.8545 26.2207
v  10.3688 54.4362 26.6094
v  10.3688 54.1645 26.3864
v  10.3688 54.6592 26.8812
v  10.3688 54.8249 27.1912
v  10.3688 54.9270 27.5276
v  10.3688 54.9270 28.2272
v  10.3350 55.0658 27.8774
v  10.3350 55.0294 27.5072
v  10.3350 54.9214 27.1512
v  10.3350 54.7460 26.8231
v  10.3350 54.5101 26.5356
v  10.3350 54.2225 26.2996
v  10.3350 53.8944 26.1242
v  10.3350 53.5384 26.0163
v  10.3350 53.1682 25.9798
v  10.3350 52.7980 26.0163
v  10.3350 52.4420 26.1242
v  10.3350 52.1140 26.2996
v  10.3350 51.8264 26.5356
v  10.3350 51.5904 26.8231
v  10.3350 51.4151 27.1512
v  10.3350 51.3071 27.5072
v  10.3350 51.2706 27.8774
v  10.3350 51.3071 28.2476
v  10.3350 51.4151 28.6036
v  10.3350 51.5904 28.9317
v  10.3350 51.8264 29.2192
v  10.3350 52.1140 29.4552
v  10.3350 52.4420 29.6306
v  10.3350 52.7980 29.7386
v  10.3350 53.1682 29.7750
v  10.3350 53.5384 29.7386
v  10.3350 53.8944 29.6306
v  10.3350 54.2225 29.4552
v  10.3350 54.5101 29.2192
v  10.3350 54.7460 28.9317
v  10.3350 54.9214 28.6036
v  10.3350 55.0294 28.2476
v  10.2337 46.7530 27.8774
v  10.2337 46.7151 27.4926
v  9.2275 46.7151 27.4926
v  9.2275 46.7530 27.8774
v  10.2337 46.6028 27.1227
v  9.2275 46.6028 27.1227
v  10.2337 46.4206 26.7817
v  9.2275 46.4206 26.7817
v  10.2337 46.1753 26.4828
v  9.2275 46.1753 26.4828
v  10.2337 45.8764 26.2376
v  9.2275 45.8764 26.2376
v  10.2337 45.5355 26.0553
v  9.2275 45.5355 26.0553
v  10.2337 45.1655 25.9431
v  9.2275 45.1655 25.9431
v  10.2337 44.7807 25.9052
v  9.2275 44.7807 25.9052
v  10.2337 44.3960 25.9431
v  9.2275 44.3960 25.9431
v  10.2337 44.0260 26.0553
v  9.2275 44.0260 26.0553
v  10.2337 43.6850 26.2376
v  9.2275 43.6850 26.2376
v  10.2337 43.3861 26.4828
v  9.2275 43.3861 26.4828
v  10.2337 43.1409 26.7817
v  9.2275 43.1409 26.7817
v  10.2337 42.9586 27.1227
v  9.2275 42.9586 27.1227
v  10.2337 42.8464 27.4926
v  9.2275 42.8464 27.4926
v  10.2337 42.8085 27.8774
v  9.2275 42.8085 27.8774
v  10.2337 42.8464 28.2622
v  9.2275 42.8464 28.2622
v  10.2337 42.9586 28.6321
v  9.2275 42.9586 28.6321
v  10.2337 43.1409 28.9731
v  9.2275 43.1409 28.9731
v  10.2337 43.3861 29.2720
v  9.2275 43.3861 29.2720
v  10.2337 43.6850 29.5173
v  9.2275 43.6850 29.5173
v  10.2337 44.0260 29.6995
v  9.2275 44.0260 29.6995
v  10.2337 44.3960 29.8117
v  9.2275 44.3960 29.8117
v  10.2337 44.7807 29.8496
v  9.2275 44.7807 29.8496
v  10.2337 45.1655 29.8117
v  9.2275 45.1655 29.8117
v  10.2337 45.5355 29.6995
v  9.2275 45.5355 29.6995
v  10.2337 45.8764 29.5173
v  9.2275 45.8764 29.5173
v  10.2337 46.1753 29.2720
v  9.2275 46.1753 29.2720
v  10.2337 46.4206 28.9731
v  9.2275 46.4206 28.9731
v  10.2337 46.6028 28.6321
v  9.2275 46.6028 28.6321
v  10.2337 46.7151 28.2622
v  9.2275 46.7151 28.2622
v  10.3688 46.4374 28.5636
v  10.3688 46.2717 28.8736
v  10.3688 46.0487 29.1454
v  10.3688 46.5739 27.8774
v  10.3688 45.7770 29.3684
v  10.3688 45.4670 29.5341
v  10.3688 44.7807 29.6706
v  10.3688 45.1306 29.6361
v  10.3688 44.4309 29.6361
v  10.3688 44.0945 29.5341
v  10.3688 43.5127 29.1454
v  10.3688 43.7845 29.3684
v  10.3688 43.2897 28.8737
v  10.3688 43.1240 28.5636
v  10.3688 42.9875 27.8774
v  10.3688 43.0220 28.2272
v  10.3688 43.0220 27.5276
v  10.3688 43.1240 27.1912
v  10.3688 43.5127 26.6094
v  10.3688 43.2897 26.8812
v  10.3688 43.7845 26.3864
v  10.3688 44.0945 26.2207
v  10.3688 44.7807 26.0842
v  10.3688 44.4309 26.1187
v  10.3688 45.1306 26.1187
v  10.3688 45.4669 26.2207
v  10.3688 46.0487 26.6094
v  10.3688 45.7770 26.3864
v  10.3688 46.2717 26.8812
v  10.3688 46.4374 27.1912
v  10.3688 46.5395 27.5276
v  10.3688 46.5395 28.2272
v  10.3350 46.6783 27.8774
v  10.3350 46.6419 27.5072
v  10.3350 46.5339 27.1512
v  10.3350 46.3585 26.8231
v  10.3350 46.1225 26.5356
v  10.3350 45.8350 26.2996
v  10.3350 45.5069 26.1242
v  10.3350 45.1509 26.0163
v  10.3350 44.7807 25.9798
v  10.3350 44.4105 26.0163
v  10.3350 44.0545 26.1242
v  10.3350 43.7265 26.2996
v  10.3350 43.4389 26.5356
v  10.3350 43.2029 26.8231
v  10.3350 43.0276 27.1512
v  10.3350 42.9196 27.5072
v  10.3350 42.8831 27.8774
v  10.3350 42.9196 28.2476
v  10.3350 43.0276 28.6036
v  10.3350 43.2029 28.9317
v  10.3350 43.4389 29.2192
v  10.3350 43.7265 29.4552
v  10.3350 44.0545 29.6306
v  10.3350 44.4105 29.7386
v  10.3350 44.7807 29.7750
v  10.3350 45.1509 29.7386
v  10.3350 45.5069 29.6306
v  10.3350 45.8350 29.4552
v  10.3350 46.1225 29.2192
v  10.3350 46.3585 28.9317
v  10.3350 46.5339 28.6036
v  10.3350 46.6419 28.2476
v  11.6038 54.8662 -51.6610
v  11.6038 54.7667 -52.6711
v  8.9619 54.7667 -52.6711
v  8.9619 54.8662 -51.6610
v  11.6038 54.4720 -53.6425
v  8.9619 54.4720 -53.6425
v  11.6038 53.9935 -54.5377
v  8.9619 53.9935 -54.5377
v  11.6038 53.3496 -55.3223
v  8.9619 53.3496 -55.3223
v  11.6038 52.5649 -55.9662
v  8.9619 52.5649 -55.9662
v  11.6038 51.6698 -56.4447
v  8.9619 51.6698 -56.4447
v  11.6038 50.6984 -56.7394
v  8.9619 50.6984 -56.7394
v  11.6038 49.6883 -56.8389
v  8.9619 49.6883 -56.8389
v  11.6038 48.6781 -56.7394
v  8.9619 48.6781 -56.7394
v  11.6038 47.7068 -56.4447
v  8.9619 47.7068 -56.4447
v  11.6038 46.8116 -55.9662
v  8.9619 46.8116 -55.9662
v  11.6038 46.0269 -55.3223
v  8.9619 46.0269 -55.3223
v  11.6038 45.3830 -54.5377
v  8.9619 45.3830 -54.5377
v  11.6038 44.9045 -53.6425
v  8.9619 44.9045 -53.6425
v  11.6038 44.6098 -52.6711
v  8.9619 44.6098 -52.6711
v  11.6038 44.5104 -51.6610
v  8.9619 44.5104 -51.6610
v  11.6038 44.6098 -50.6508
v  8.9619 44.6098 -50.6508
v  11.6038 44.9045 -49.6795
v  8.9619 44.9045 -49.6795
v  11.6038 45.3830 -48.7843
v  8.9619 45.3830 -48.7843
v  11.6038 46.0269 -47.9996
v  8.9619 46.0269 -47.9996
v  11.6038 46.8116 -47.3557
v  8.9619 46.8116 -47.3557
v  11.6038 47.7068 -46.8772
v  8.9619 47.7068 -46.8772
v  11.6038 48.6781 -46.5826
v  8.9619 48.6781 -46.5826
v  11.6038 49.6883 -46.4831
v  8.9619 49.6883 -46.4831
v  11.6038 50.6984 -46.5826
v  8.9619 50.6984 -46.5826
v  11.6038 51.6698 -46.8772
v  8.9619 51.6698 -46.8772
v  11.6038 52.5649 -47.3557
v  8.9619 52.5649 -47.3557
v  11.6038 53.3496 -47.9997
v  8.9619 53.3496 -47.9997
v  11.6038 53.9935 -48.7843
v  8.9619 53.9935 -48.7843
v  11.6038 54.4720 -49.6795
v  8.9619 54.4720 -49.6795
v  11.6038 54.7667 -50.6508
v  8.9619 54.7667 -50.6508
v  11.9582 54.0378 -49.8594
v  11.9582 53.6027 -49.0454
v  11.9582 53.0172 -48.3320
v  11.9582 54.3961 -51.6610
v  11.9582 52.3038 -47.7465
v  11.9582 51.4899 -47.3115
v  11.9582 49.6883 -46.9531
v  11.9582 50.6067 -47.0436
v  11.9582 48.7698 -47.0436
v  11.9582 47.8866 -47.3115
v  11.9582 46.3593 -48.3320
v  11.9582 47.0727 -47.7465
v  11.9582 45.7738 -49.0454
v  11.9582 45.3388 -49.8594
v  11.9582 44.9804 -51.6610
v  11.9582 45.0709 -50.7425
v  11.9582 45.0709 -52.5794
v  11.9582 45.3388 -53.4626
v  11.9582 46.3593 -54.9899
v  11.9582 45.7738 -54.2765
v  11.9582 47.0727 -55.5754
v  11.9582 47.8866 -56.0105
v  11.9582 49.6883 -56.3688
v  11.9582 48.7698 -56.2784
v  11.9582 50.6067 -56.2784
v  11.9582 51.4899 -56.0105
v  11.9582 53.0172 -54.9899
v  11.9582 52.3038 -55.5754
v  11.9582 53.6027 -54.2765
v  11.9582 54.0377 -53.4626
v  11.9582 54.3057 -52.5794
v  11.9582 54.3057 -50.7425
v  11.8696 54.6703 -51.6610
v  11.8696 54.5745 -52.6329
v  11.8696 54.2910 -53.5675
v  11.8696 53.8306 -54.4288
v  11.8696 53.2111 -55.1838
v  11.8696 52.4561 -55.8034
v  11.8696 51.5948 -56.2638
v  11.8696 50.6602 -56.5473
v  11.8696 49.6883 -56.6430
v  11.8696 48.7163 -56.5473
v  11.8696 47.7817 -56.2638
v  11.8696 46.9204 -55.8034
v  11.8696 46.1654 -55.1838
v  11.8696 45.5459 -54.4288
v  11.8696 45.0855 -53.5675
v  11.8696 44.8020 -52.6329
v  11.8696 44.7062 -51.6610
v  11.8696 44.8020 -50.6890
v  11.8696 45.0855 -49.7544
v  11.8696 45.5459 -48.8931
v  11.8696 46.1654 -48.1382
v  11.8696 46.9204 -47.5186
v  11.8696 47.7817 -47.0582
v  11.8696 48.7163 -46.7747
v  11.8696 49.6883 -46.6790
v  11.8696 50.6602 -46.7747
v  11.8696 51.5948 -47.0582
v  11.8696 52.4561 -47.5186
v  11.8696 53.2111 -48.1382
v  11.8696 53.8306 -48.8931
v  11.8696 54.2910 -49.7545
v  11.8696 54.5745 -50.6890
v  9.9416 46.3297 -68.5295
v  9.9416 46.3297 -64.5295
v  8.1031 46.3297 -64.5295
v  8.1031 46.3297 -68.5295
v  9.9416 51.2250 -69.7243
v  9.9416 47.5245 -69.7243
v  8.1031 47.5245 -69.7243
v  8.1031 51.2250 -69.7243
v  9.9416 52.4198 -64.5295
v  9.9416 52.4198 -68.5295
v  8.1031 52.4198 -68.5295
v  8.1031 52.4198 -64.5295
v  9.9416 47.5245 -63.3347
v  9.9416 51.2250 -63.3347
v  8.1031 51.2250 -63.3347
v  8.1031 47.5245 -63.3347
v  8.1031 46.4043 -69.0523
v  9.9416 46.4043 -69.0523
v  9.9416 46.4043 -64.0067
v  8.1031 46.4043 -64.0067
v  8.1031 51.7478 -69.6497
v  9.9416 51.7478 -69.6497
v  8.1031 52.3452 -64.0067
v  9.9416 52.3452 -64.0067
v  8.1031 46.6284 -69.4256
v  9.9416 46.6284 -69.4256
v  8.1031 47.0017 -69.6497
v  9.9416 47.0017 -69.6497
v  9.9416 46.6284 -63.6334
v  8.1031 46.6284 -63.6334
v  9.9416 47.0017 -63.4093
v  8.1031 47.0017 -63.4093
v  8.1031 52.1212 -69.4256
v  9.9416 52.1212 -69.4256
v  8.1031 52.3452 -69.0523
v  9.9416 52.3452 -69.0523
v  8.1031 52.1212 -63.6334
v  9.9416 52.1212 -63.6334
v  8.1031 51.7478 -63.4093
v  9.9416 51.7478 -63.4093
v  10.1171 46.4132 -64.5354
v  10.1171 46.4847 -64.0353
v  10.1171 47.5304 -69.6408
v  10.1171 47.0303 -69.5693
v  10.1171 51.2191 -63.4182
v  10.1171 51.7192 -63.4897
v  10.1171 52.3363 -68.5236
v  10.1171 52.2648 -69.0237
v  10.1171 47.5304 -63.4182
v  10.1171 47.0303 -63.4897
v  10.1171 46.6893 -63.6943
v  10.1171 46.4132 -68.5236
v  10.1171 46.4847 -69.0237
v  10.1171 46.6893 -69.3647
v  10.1171 52.3363 -64.5354
v  10.1171 52.2648 -64.0353
v  10.1171 52.0602 -63.6943
v  10.1171 51.2191 -69.6408
v  10.1171 51.7192 -69.5693
v  10.1171 52.0602 -69.3647
v  10.1610 46.5177 -64.5428
v  10.1610 46.5177 -68.5162
v  10.1610 47.5378 -69.5363
v  10.1610 51.2117 -69.5363
v  10.1610 52.2318 -68.5162
v  10.1610 52.2318 -64.5428
v  10.1610 51.2117 -63.5227
v  10.1610 47.5378 -63.5227
v  10.1610 46.5851 -64.0709
v  10.1610 47.0659 -69.4689
v  10.1610 51.6836 -63.5901
v  10.1610 52.1644 -68.9881
v  10.1610 47.0659 -63.5901
v  10.1610 46.7654 -63.7704
v  10.1610 46.5851 -68.9881
v  10.1610 46.7654 -69.2886
v  10.1610 52.1644 -64.0709
v  10.1610 51.9841 -63.7704
v  10.1610 51.6836 -69.4689
v  10.1610 51.9841 -69.2886
v  10.8548 49.4174 -65.3233
v  10.8548 49.1738 -65.3514
v  10.8548 49.0187 -65.4068
v  10.8548 49.4623 -65.3181
v  10.8548 48.9094 -65.4460
v  10.8548 48.6759 -65.5945
v  10.8548 48.4324 -65.8658
v  10.8548 48.4809 -65.7895
v  10.8548 48.3324 -66.0230
v  10.8548 48.2378 -66.2874
v  10.8548 48.2378 -66.8645
v  10.8548 48.2045 -66.5759
v  10.8548 50.0152 -65.4460
v  10.8548 48.3324 -67.1288
v  10.8548 48.4809 -67.3624
v  10.8548 48.8051 -67.6395
v  10.8548 48.6759 -67.5573
v  10.8548 48.9094 -67.7059
v  10.8548 49.1738 -67.8005
v  10.8548 49.7509 -67.8005
v  10.8548 49.4623 -67.8338
v  10.8548 50.7186 -66.5625
v  10.8548 50.0152 -67.7059
v  10.8548 50.2488 -67.5573
v  10.8548 50.4795 -67.3061
v  10.8548 50.4437 -67.3624
v  10.8548 50.5923 -67.1288
v  10.8548 50.6869 -66.8644
v  10.8548 50.7201 -66.5759
v  10.8548 50.6869 -66.2874
v  10.8548 50.6483 -66.1795
v  10.8548 50.4437 -65.7895
v  10.8548 50.5923 -66.0230
v  10.8548 50.2869 -65.6327
v  10.8548 50.2488 -65.5945
v  10.8548 49.7879 -65.3646
v  10.8548 49.7509 -65.3514
v  10.1610 49.7895 -65.1857
v  10.1610 49.8449 -65.2055
v  10.1610 50.0900 -65.2932
v  10.1610 50.3551 -65.4619
v  10.1610 50.4064 -65.5132
v  10.1610 50.5763 -65.6831
v  10.1610 50.7450 -65.9482
v  10.1610 50.8074 -66.1225
v  10.1610 50.8525 -66.2487
v  10.1610 50.8865 -66.5431
v  10.1610 50.8903 -66.5759
v  10.1610 50.7450 -67.2036
v  10.1610 50.6221 -67.3968
v  10.1610 50.5763 -67.4687
v  10.1610 48.8346 -67.8586
v  10.1610 48.7144 -67.7821
v  10.1610 49.1351 -67.9661
v  10.1610 49.4623 -68.0039
v  10.1610 49.7895 -67.9661
v  10.1610 50.0900 -67.8586
v  10.1610 50.3551 -67.6899
v  10.1610 50.8525 -66.9031
v  10.1610 48.5695 -67.6899
v  10.1610 48.3483 -67.4687
v  10.1610 48.1796 -67.2036
v  10.1610 48.0721 -66.9031
v  10.1610 48.0344 -66.5759
v  10.1610 48.0721 -66.2487
v  10.1610 48.1796 -65.9482
v  10.1610 48.2898 -65.7751
v  10.1610 48.3483 -65.6831
v  10.1610 48.5695 -65.4619
v  10.1610 48.8346 -65.2932
v  10.1610 49.1351 -65.1857
v  10.1610 48.9618 -65.2477
v  10.1610 49.3981 -65.1554
v  10.1610 49.4623 -65.1479
v  10.6930 48.7144 -67.7821
v  10.6930 48.5695 -67.6899
v  10.6930 48.8346 -67.8586
v  10.6930 49.1351 -67.9661
v  10.6930 49.4623 -68.0039
v  10.6930 49.7895 -67.9661
v  10.6930 50.0900 -67.8586
v  10.6930 50.3551 -67.6899
v  10.6930 50.5763 -67.4687
v  10.6930 50.6221 -67.3968
v  10.6930 50.7450 -67.2036
v  10.6930 50.8525 -66.9031
v  10.6930 50.8903 -66.5759
v  10.6930 50.8865 -66.5431
v  10.6930 50.8525 -66.2487
v  10.6930 50.8074 -66.1225
v  10.6930 50.7450 -65.9482
v  10.6930 50.5763 -65.6831
v  10.6930 50.4064 -65.5132
v  10.6930 50.3551 -65.4619
v  10.6930 50.0900 -65.2932
v  10.6930 49.8449 -65.2055
v  10.6930 49.7895 -65.1857
v  10.6930 49.4623 -65.1479
v  10.6930 49.3981 -65.1554
v  10.6930 49.1351 -65.1857
v  10.6930 48.9618 -65.2477
v  10.6930 48.8346 -65.2932
v  10.6930 48.5695 -65.4619
v  10.6930 48.3483 -65.6831
v  10.6930 48.2898 -65.7751
v  10.6930 48.1796 -65.9482
v  10.6930 48.0721 -66.2487
v  10.6930 48.0344 -66.5759
v  10.6930 48.0721 -66.9031
v  10.6930 48.1796 -67.2036
v  10.6930 48.3483 -67.4687
# 1237 vertices

vn 0.0000 -0.9993 0.0384
vn 0.0000 -0.9993 -0.0384
vn 0.0000 0.9993 -0.0384
vn 0.0000 0.9993 0.0384
vn 0.0000 0.0384 0.9993
vn 0.0000 -0.0384 0.9993
vn 0.9969 0.0000 0.0785
vn 0.9951 0.0000 -0.0992
vn 0.9912 -0.0000 -0.1323
vn 0.9978 -0.0016 0.0661
vn 0.0000 0.0384 -0.9993
vn 0.0000 -0.0384 -0.9993
vn -0.9941 0.1081 0.0018
vn -0.9942 0.1071 -0.0009
vn -0.9960 0.0885 -0.0116
vn -0.9939 0.1061 -0.0311
vn -0.9935 0.0926 -0.0655
vn -0.9937 0.0660 -0.0911
vn -0.9943 0.0331 -0.1016
vn -0.9956 0.0067 -0.0938
vn -0.9950 0.0018 -0.1003
vn -0.9950 -0.0998 -0.0017
vn -0.9951 -0.0004 -0.0993
vn -0.9955 -0.0102 -0.0937
vn -0.9940 -0.0322 -0.1049
vn -0.9935 -0.0655 -0.0926
vn -0.9937 -0.0911 -0.0660
vn -0.9943 -0.1016 -0.0331
vn -0.9956 -0.0938 -0.0066
vn -0.9951 -0.0989 0.0004
vn -0.9955 -0.0938 0.0101
vn -0.9940 -0.1049 0.0322
vn -0.9935 -0.0926 0.0655
vn -0.9937 -0.0660 0.0911
vn -0.9943 -0.0331 0.1016
vn -0.9956 -0.0066 0.0938
vn -0.9950 -0.0017 0.0997
vn -0.9951 0.0004 0.0988
vn -0.9955 0.0101 0.0938
vn -0.9940 0.0322 0.1049
vn -0.9935 0.0655 0.0926
vn -0.9937 0.0911 0.0660
vn -0.9943 0.1014 0.0336
vn -0.9948 0.1018 0.0091
vn 0.0000 -0.9853 -0.1707
vn 0.0000 -0.9853 0.1707
vn 0.0000 0.9853 0.1707
vn 0.0000 0.9853 -0.1707
vn 0.0000 -0.9262 -0.3771
vn 0.0000 -0.7983 -0.6022
vn 0.0000 -0.6022 -0.7983
vn 0.0000 -0.3771 -0.9262
vn 0.0000 -0.1707 -0.9853
vn 0.0000 -0.9262 0.3771
vn 0.0000 -0.7983 0.6022
vn 0.0000 -0.6022 0.7983
vn 0.0000 -0.3771 0.9262
vn 0.0000 -0.1707 0.9853
vn 0.0000 0.9262 0.3771
vn 0.0000 0.7983 0.6022
vn 0.0000 0.6022 0.7983
vn 0.0000 0.3771 0.9262
vn 0.0000 0.1707 0.9853
vn 0.0000 0.9262 -0.3771
vn 0.0000 0.7983 -0.6022
vn 0.0000 0.6022 -0.7983
vn 0.0000 0.3771 -0.9262
vn 0.0000 0.1707 -0.9853
vn 0.0639 -0.9972 -0.0383
vn 0.0627 -0.9973 0.0369
vn -0.0639 -0.9972 0.0383
vn -0.0627 -0.9973 -0.0369
vn 0.0639 0.9972 0.0383
vn 0.0627 0.9973 -0.0369
vn -0.0639 0.9972 -0.0383
vn -0.0627 0.9973 0.0369
vn 0.0639 -0.0383 0.9972
vn 0.0627 0.0369 0.9973
vn -0.0639 0.0383 0.9972
vn -0.0627 -0.0369 0.9973
vn -0.0639 -0.0383 -0.9972
vn -0.0627 0.0369 -0.9973
vn 0.0639 0.0383 -0.9972
vn 0.0627 -0.0369 -0.9973
vn 0.0571 -0.9840 -0.1690
vn -0.0550 -0.9840 -0.1694
vn -0.0571 -0.9840 0.1690
vn 0.0550 -0.9840 0.1694
vn 0.0571 0.9840 0.1690
vn -0.0550 0.9840 0.1694
vn -0.0571 0.9840 -0.1690
vn 0.0550 0.9840 -0.1694
vn 0.0514 -0.9253 -0.3757
vn -0.0501 -0.9252 -0.3763
vn 0.0489 -0.7976 -0.6012
vn -0.0485 -0.7974 -0.6015
vn 0.0485 -0.6015 -0.7974
vn -0.0489 -0.6012 -0.7976
vn 0.0501 -0.3763 -0.9252
vn -0.0514 -0.3757 -0.9253
vn 0.0550 -0.1694 -0.9840
vn -0.0571 -0.1690 -0.9840
vn -0.0514 -0.9253 0.3757
vn 0.0501 -0.9252 0.3763
vn -0.0489 -0.7976 0.6012
vn 0.0485 -0.7974 0.6015
vn -0.0485 -0.6015 0.7974
vn 0.0489 -0.6012 0.7976
vn -0.0501 -0.3763 0.9252
vn 0.0514 -0.3757 0.9253
vn -0.0550 -0.1694 0.9840
vn 0.0571 -0.1690 0.9840
vn 0.0514 0.9253 0.3757
vn -0.0501 0.9252 0.3763
vn 0.0489 0.7976 0.6012
vn -0.0485 0.7974 0.6015
vn 0.0485 0.6015 0.7974
vn -0.0489 0.6012 0.7976
vn 0.0501 0.3763 0.9252
vn -0.0514 0.3757 0.9253
vn 0.0550 0.1694 0.9840
vn -0.0571 0.1690 0.9840
vn -0.0514 0.9253 -0.3757
vn 0.0501 0.9252 -0.3763
vn -0.0489 0.7976 -0.6012
vn 0.0485 0.7974 -0.6015
vn -0.0485 0.6015 -0.7974
vn 0.0489 0.6012 -0.7976
vn -0.0501 0.3763 -0.9252
vn 0.0514 0.3757 -0.9253
vn -0.0550 0.1694 -0.9840
vn 0.0571 0.1690 -0.9840
vn 0.3047 -0.9518 -0.0342
vn 0.3027 -0.9527 0.0286
vn 0.3047 0.9518 0.0342
vn 0.3027 0.9527 -0.0285
vn 0.3047 -0.0342 0.9518
vn 0.3027 0.0285 0.9527
vn 0.9224 0.0047 -0.3863
vn 0.9807 0.0007 -0.1953
vn 0.9950 -0.0018 -0.1003
vn 0.9242 -0.0013 -0.3819
vn 0.2696 -0.9503 0.1559
vn 0.3027 -0.0286 -0.9527
vn 0.2696 -0.1560 -0.9503
vn 0.2696 0.1559 0.9503
vn 0.2696 0.9503 -0.1559
vn 0.2733 -0.1544 0.9494
vn 0.2494 -0.3588 0.8995
vn 0.2393 -0.5827 0.7766
vn 0.2386 -0.7758 0.5842
vn 0.2470 -0.8991 0.3613
vn 0.2733 -0.9494 -0.1544
vn 0.2494 -0.8995 -0.3588
vn 0.2393 -0.7766 -0.5827
vn 0.2386 -0.5842 -0.7758
vn 0.2470 -0.3613 -0.8991
vn 0.2733 0.9494 0.1544
vn 0.2494 0.8995 0.3588
vn 0.2393 0.7766 0.5827
vn 0.2386 0.5842 0.7758
vn 0.2470 0.3613 0.8991
vn 0.2733 0.1544 -0.9494
vn 0.3047 0.0342 -0.9518
vn 0.2494 0.3588 -0.8995
vn 0.2393 0.5827 -0.7766
vn 0.2386 0.7758 -0.5842
vn 0.2470 0.8991 -0.3613
vn 0.6700 -0.7420 -0.0206
vn 0.6697 -0.7426 0.0113
vn 0.9225 -0.3859 -0.0047
vn 0.9243 -0.3816 0.0012
vn 0.9951 -0.0989 -0.0004
vn 0.9950 -0.0998 0.0017
vn 0.6700 0.7420 0.0206
vn 0.6697 0.7426 -0.0113
vn 0.9193 0.3935 0.0046
vn 0.9208 0.3901 -0.0000
vn 0.9776 0.2106 0.0007
vn 0.9771 0.2128 -0.0003
vn 0.6700 -0.0206 0.7420
vn 0.6697 0.0113 0.7426
vn 0.9227 -0.0041 0.3855
vn 0.9244 0.0012 0.3815
vn 0.9951 0.0003 0.0992
vn 0.9808 0.0032 0.1949
vn 0.6697 -0.0113 -0.7426
vn 0.6700 0.0206 -0.7420
vn 0.6226 -0.7746 0.1116
vn 0.9104 -0.4112 0.0454
vn 0.9956 -0.0938 0.0066
vn 0.6226 -0.1116 -0.7746
vn 0.9104 -0.0454 -0.4112
vn 0.9956 -0.0067 -0.0938
vn 0.6226 0.1116 0.7746
vn 0.9104 0.0454 0.4112
vn 0.9835 0.0128 0.1806
vn 0.6226 0.7746 -0.1116
vn 0.9056 0.4214 -0.0490
vn 0.9782 0.2068 -0.0214
vn 0.6234 -0.1096 0.7742
vn 0.9076 -0.0473 0.4173
vn 0.9955 -0.0101 0.0938
vn 0.5879 -0.2890 0.7556
vn 0.8921 -0.1512 0.4258
vn 0.9940 -0.0322 0.1049
vn 0.5730 -0.4887 0.6580
vn 0.8853 -0.2742 0.3755
vn 0.9935 -0.0655 0.0926
vn 0.5727 -0.6562 0.4914
vn 0.8858 -0.3730 0.2763
vn 0.9937 -0.0911 0.0660
vn 0.5872 -0.7544 0.2934
vn 0.8935 -0.4218 0.1543
vn 0.9943 -0.1016 0.0331
vn 0.6234 -0.7742 -0.1096
vn 0.9076 -0.4173 -0.0473
vn 0.9955 -0.0938 -0.0101
vn 0.5879 -0.7556 -0.2890
vn 0.8921 -0.4258 -0.1512
vn 0.9940 -0.1049 -0.0322
vn 0.5730 -0.6580 -0.4887
vn 0.8853 -0.3755 -0.2742
vn 0.9935 -0.0926 -0.0655
vn 0.5727 -0.4914 -0.6562
vn 0.8858 -0.2763 -0.3730
vn 0.9937 -0.0660 -0.0911
vn 0.5871 -0.2934 -0.7544
vn 0.8935 -0.1543 -0.4218
vn 0.9943 -0.0331 -0.1016
vn 0.6234 0.7742 0.1096
vn 0.9048 0.4231 0.0481
vn 0.9812 0.1920 0.0216
vn 0.5879 0.7556 0.2890
vn 0.8917 0.4262 0.1525
vn 0.9801 0.1884 0.0627
vn 0.5730 0.6580 0.4887
vn 0.8853 0.3755 0.2742
vn 0.9789 0.1668 0.1180
vn 0.5727 0.4914 0.6562
vn 0.8858 0.2763 0.3730
vn 0.9792 0.1190 0.1641
vn 0.5872 0.2934 0.7544
vn 0.8935 0.1543 0.4218
vn 0.9811 0.0599 0.1842
vn 0.6234 0.1096 -0.7742
vn 0.9075 0.0474 -0.4173
vn 0.9834 0.0196 -0.1806
vn 0.5879 0.2890 -0.7556
vn 0.8921 0.1512 -0.4258
vn 0.9800 0.0584 -0.1901
vn 0.5730 0.4887 -0.6580
vn 0.8853 0.2742 -0.3755
vn 0.9789 0.1180 -0.1668
vn 0.5727 0.6562 -0.4914
vn 0.8858 0.3730 -0.2763
vn 0.9792 0.1641 -0.1190
vn 0.5871 0.7544 -0.2934
vn 0.8935 0.4218 -0.1543
vn 0.9802 0.1876 -0.0633
vn -0.3047 -0.9518 0.0342
vn -0.3027 -0.9527 -0.0286
vn -0.3047 0.9518 -0.0342
vn -0.3027 0.9527 0.0285
vn -0.3047 0.0342 0.9518
vn -0.3027 -0.0285 0.9527
vn -0.3047 -0.0342 -0.9518
vn -0.3027 0.0286 -0.9527
vn -0.2696 -0.1559 0.9503
vn -0.2696 -0.9503 -0.1560
vn -0.2696 0.9503 0.1559
vn -0.2696 0.1560 -0.9503
vn -0.2733 -0.9494 0.1544
vn -0.2494 -0.8995 0.3588
vn -0.2393 -0.7766 0.5827
vn -0.2386 -0.5842 0.7758
vn -0.2470 -0.3613 0.8991
vn -0.2733 -0.1544 -0.9494
vn -0.2494 -0.3588 -0.8995
vn -0.2393 -0.5827 -0.7766
vn -0.2386 -0.7758 -0.5842
vn -0.2470 -0.8991 -0.3613
vn -0.2733 0.1544 0.9494
vn -0.2494 0.3588 0.8995
vn -0.2394 0.5827 0.7766
vn -0.2386 0.7758 0.5842
vn -0.2470 0.8991 0.3613
vn -0.2733 0.9494 -0.1544
vn -0.2494 0.8995 -0.3588
vn -0.2393 0.7766 -0.5827
vn -0.2386 0.5842 -0.7758
vn -0.2470 0.3613 -0.8991
vn -0.6700 -0.7420 0.0206
vn -0.6697 -0.7426 -0.0113
vn -0.9225 -0.3859 0.0047
vn -0.9243 -0.3816 -0.0012
vn -0.6700 0.7420 -0.0206
vn -0.6697 0.7426 0.0113
vn -0.9193 0.3935 -0.0046
vn -0.9212 0.3891 0.0013
vn -0.6700 0.0206 0.7420
vn -0.6697 -0.0113 0.7426
vn -0.9226 0.0047 0.3858
vn -0.9244 -0.0012 0.3815
vn -0.6700 -0.0206 -0.7420
vn -0.6697 0.0113 -0.7426
vn -0.9224 -0.0047 -0.3863
vn -0.9242 0.0013 -0.3819
vn -0.6226 -0.1116 0.7746
vn -0.9104 -0.0454 0.4112
vn -0.6226 -0.7746 -0.1116
vn -0.9104 -0.4112 -0.0454
vn -0.6226 0.7746 0.1116
vn -0.9081 0.4160 0.0471
vn -0.6226 0.1116 -0.7746
vn -0.9104 0.0454 -0.4112
vn -0.6234 -0.7742 0.1096
vn -0.9076 -0.4173 0.0473
vn -0.5879 -0.7556 0.2890
vn -0.8921 -0.4258 0.1512
vn -0.5730 -0.6580 0.4887
vn -0.8853 -0.3755 0.2742
vn -0.5727 -0.4914 0.6562
vn -0.8858 -0.2763 0.3730
vn -0.5871 -0.2934 0.7544
vn -0.8935 -0.1543 0.4218
vn -0.6234 -0.1096 -0.7742
vn -0.9075 -0.0474 -0.4173
vn -0.5879 -0.2890 -0.7556
vn -0.8921 -0.1512 -0.4258
vn -0.5730 -0.4887 -0.6580
vn -0.8853 -0.2742 -0.3755
vn -0.5727 -0.6562 -0.4914
vn -0.8858 -0.3730 -0.2763
vn -0.5872 -0.7544 -0.2934
vn -0.8935 -0.4218 -0.1543
vn -0.6234 0.1096 0.7742
vn -0.9076 0.0473 0.4173
vn -0.5879 0.2890 0.7556
vn -0.8921 0.1512 0.4258
vn -0.5730 0.4887 0.6580
vn -0.8853 0.2742 0.3755
vn -0.5727 0.6562 0.4914
vn -0.8858 0.3730 0.2763
vn -0.5872 0.7544 0.2934
vn -0.8935 0.4218 0.1543
vn -0.6234 0.7742 -0.1096
vn -0.9084 0.4152 -0.0484
vn -0.5879 0.7556 -0.2890
vn -0.8924 0.4255 -0.1505
vn -0.5730 0.6580 -0.4887
vn -0.8853 0.3755 -0.2742
vn -0.5727 0.4914 -0.6562
vn -0.8858 0.2763 -0.3730
vn -0.5872 0.2934 -0.7544
vn -0.8935 0.1543 -0.4218
vn 0.0000 -0.9999 -0.0170
vn 0.0000 -1.0000 0.0015
vn 0.0000 -0.9942 -0.1077
vn 0.0000 -0.9501 -0.3120
vn 0.0000 -0.8144 -0.5803
vn 0.0000 -0.5803 -0.8144
vn 0.0000 -0.2933 -0.9560
vn 0.0000 -0.0884 -0.9961
vn 0.0000 -0.0048 -1.0000
vn 0.0000 0.0249 -0.9997
vn 0.0000 1.0000 -0.0000
vn 0.0000 -0.0182 0.9998
vn 0.0000 0.0000 1.0000
vn 0.0000 -0.0894 0.9960
vn 0.0000 -0.2933 0.9560
vn 0.0000 -0.5803 0.8144
vn 0.0000 -0.8144 0.5803
vn 0.0000 -0.9440 0.3300
vn 0.0000 -0.9938 0.1111
vn 1.0000 -0.0000 0.0000
vn 1.0000 0.0000 -0.0000
vn 1.0000 -0.0002 0.0000
vn 1.0000 -0.0001 0.0000
vn 1.0000 0.0001 -0.0000
vn 1.0000 -0.0000 -0.0000
vn 1.0000 0.0001 0.0000
vn 1.0000 0.0000 0.0000
vn 1.0000 -0.0001 -0.0000
vn 1.0000 -0.0003 0.0000
vn 0.0000 -0.8982 -0.4396
vn 0.0000 -0.8437 -0.5368
vn 0.0000 -0.7801 -0.6257
vn 0.0000 -0.6257 -0.7801
vn 0.0000 -0.4395 -0.8982
vn 0.0000 -0.2272 -0.9738
vn 0.0000 -0.1146 -0.9934
vn 0.0000 -0.1145 -0.9934
vn 0.0000 -0.0574 -0.9984
vn 0.0000 0.0000 -1.0000
vn 0.0000 -0.0001 -1.0000
vn 0.0000 -0.0000 -1.0000
vn 0.0000 0.0574 -0.9984
vn 0.0000 0.2272 -0.9738
vn 0.0000 0.4395 -0.8982
vn 0.0000 0.6257 -0.7801
vn 0.0000 0.7801 -0.6257
vn 0.0000 0.8982 -0.4395
vn 0.0000 0.9738 -0.2272
vn 0.0000 0.9984 -0.0574
vn 0.0000 0.9984 0.0574
vn 0.0000 0.9738 0.2272
vn 0.0000 0.8982 0.4395
vn 0.0000 0.8437 0.5368
vn 0.0000 0.7801 0.6257
vn 0.0000 0.6257 0.7801
vn 0.0000 0.4395 0.8982
vn 0.0000 0.2272 0.9738
vn 0.0000 0.0574 0.9984
vn 0.0000 -0.0574 0.9984
vn 0.0000 -0.2272 0.9738
vn 0.0000 -0.4395 0.8982
vn 0.0000 -0.5368 0.8437
vn 0.0000 -0.6257 0.7801
vn 0.0000 -0.7801 0.6257
vn 0.0000 -0.8982 0.4395
vn 0.0000 -0.9738 0.2272
vn 0.0000 -0.9984 0.0574
vn 0.0000 -1.0000 -0.0000
vn 0.0000 -0.9984 -0.0574
vn 0.0000 -0.9738 -0.2272
vn 0.3066 0.9518 0.0000
vn 0.3066 0.9336 -0.1857
vn 0.0000 0.9808 -0.1951
vn 0.0000 1.0000 0.0000
vn 0.3066 0.8794 -0.3643
vn 0.0000 0.9239 -0.3827
vn 0.3066 0.7914 -0.5288
vn 0.0000 0.8315 -0.5556
vn 0.3066 0.6731 -0.6731
vn 0.0000 0.7071 -0.7071
vn 0.3066 0.5288 -0.7914
vn 0.0000 0.5556 -0.8315
vn 0.3066 0.3643 -0.8794
vn 0.0000 0.3827 -0.9239
vn 0.3066 0.1857 -0.9336
vn 0.0000 0.1951 -0.9808
vn 0.3066 -0.0000 -0.9518
vn 0.3066 -0.1857 -0.9336
vn 0.0000 -0.1951 -0.9808
vn 0.3066 -0.3643 -0.8794
vn 0.0000 -0.3827 -0.9239
vn 0.3066 -0.5288 -0.7914
vn 0.0000 -0.5556 -0.8315
vn 0.3066 -0.6731 -0.6731
vn 0.0000 -0.7071 -0.7071
vn 0.3066 -0.7914 -0.5288
vn 0.0000 -0.8315 -0.5556
vn 0.3066 -0.8794 -0.3643
vn 0.0000 -0.9239 -0.3827
vn 0.3066 -0.9336 -0.1857
vn 0.0000 -0.9808 -0.1951
vn 0.3066 -0.9518 0.0000
vn 0.3066 -0.9336 0.1857
vn 0.0000 -0.9808 0.1951
vn 0.3066 -0.8794 0.3643
vn 0.0000 -0.9239 0.3827
vn 0.3066 -0.7914 0.5288
vn 0.0000 -0.8315 0.5556
vn 0.3066 -0.6731 0.6731
vn 0.0000 -0.7071 0.7071
vn 0.3066 -0.5288 0.7914
vn 0.0000 -0.5556 0.8315
vn 0.3066 -0.3643 0.8794
vn 0.0000 -0.3827 0.9239
vn 0.3066 -0.1857 0.9336
vn 0.0000 -0.1951 0.9808
vn 0.3066 0.0000 0.9518
vn 0.3066 0.1857 0.9336
vn 0.0000 0.1951 0.9808
vn 0.3066 0.3643 0.8794
vn 0.0000 0.3827 0.9239
vn 0.3066 0.5288 0.7914
vn 0.0000 0.5556 0.8315
vn 0.3066 0.6731 0.6731
vn 0.0000 0.7071 0.7071
vn 0.3066 0.7914 0.5288
vn 0.0000 0.8315 0.5556
vn 0.3066 0.8794 0.3643
vn 0.0000 0.9239 0.3827
vn 0.3066 0.9336 0.1857
vn 0.0000 0.9808 0.1951
vn 0.9863 0.1526 0.0632
vn 0.9863 0.1373 0.0918
vn 0.9863 0.1168 0.1168
vn 0.9863 0.1651 -0.0000
vn 0.9863 0.0918 0.1373
vn 0.9863 0.0632 0.1526
vn 0.9863 0.0000 0.1651
vn 0.9863 0.0322 0.1620
vn 0.9863 -0.0322 0.1620
vn 0.9863 -0.0632 0.1526
vn 0.9863 -0.1168 0.1168
vn 0.9863 -0.0918 0.1373
vn 0.9863 -0.1373 0.0918
vn 0.9863 -0.1526 0.0632
vn 0.9863 -0.1651 -0.0000
vn 0.9863 -0.1620 0.0322
vn 0.9863 -0.1620 -0.0322
vn 0.9863 -0.1526 -0.0632
vn 0.9863 -0.1168 -0.1168
vn 0.9863 -0.1373 -0.0918
vn 0.9863 -0.0918 -0.1373
vn 0.9863 -0.0632 -0.1526
vn 0.9863 0.0000 -0.1651
vn 0.9863 -0.0322 -0.1620
vn 0.9863 0.0322 -0.1620
vn 0.9863 0.0632 -0.1526
vn 0.9863 0.1168 -0.1168
vn 0.9863 0.0918 -0.1373
vn 0.9863 0.1373 -0.0918
vn 0.9863 0.1526 -0.0632
vn 0.9863 0.1620 -0.0322
vn 0.9863 0.1620 0.0322
vn -1.0000 0.0000 -0.0000
vn 0.8024 0.5968 -0.0000
vn 0.8024 0.5853 -0.1164
vn 0.8024 0.5513 -0.2284
vn 0.8024 0.4962 -0.3316
vn 0.8024 0.4220 -0.4220
vn 0.8024 0.3315 -0.4962
vn 0.8024 0.2284 -0.5513
vn 0.8024 0.1164 -0.5853
vn 0.8024 0.0000 -0.5968
vn 0.8024 -0.1164 -0.5853
vn 0.8024 -0.2284 -0.5513
vn 0.8024 -0.3315 -0.4962
vn 0.8024 -0.4220 -0.4220
vn 0.8024 -0.4962 -0.3315
vn 0.8024 -0.5513 -0.2284
vn 0.8024 -0.5853 -0.1164
vn 0.8024 -0.5968 0.0000
vn 0.8024 -0.5853 0.1164
vn 0.8024 -0.5513 0.2284
vn 0.8024 -0.4962 0.3315
vn 0.8024 -0.4220 0.4220
vn 0.8024 -0.3315 0.4962
vn 0.8024 -0.2284 0.5513
vn 0.8024 -0.1164 0.5853
vn 0.8024 0.0000 0.5968
vn 0.8024 0.1164 0.5853
vn 0.8024 0.2284 0.5513
vn 0.8024 0.3316 0.4962
vn 0.8024 0.4220 0.4220
vn 0.8024 0.4962 0.3316
vn 0.8024 0.5513 0.2284
vn 0.8024 0.5853 0.1164
vn 0.3066 0.9518 -0.0000
vn -0.0000 0.1951 -0.9808
vn -0.0000 -0.0000 -1.0000
vn 0.3066 -0.9518 -0.0000
vn 0.3066 -0.0000 0.9518
vn 0.0000 -0.0000 1.0000
vn 0.9863 0.1373 0.0917
vn 0.9863 0.1651 0.0000
vn 0.9863 -0.0000 0.1651
vn 0.9863 -0.1373 0.0917
vn 0.9863 -0.1373 -0.0917
vn 0.9863 -0.0917 -0.1373
vn 0.9863 -0.0000 -0.1651
vn 0.9863 0.0917 -0.1373
vn 0.9863 0.1373 -0.0917
vn 0.8024 0.5968 0.0000
vn 0.8024 0.4962 -0.3315
vn 0.8024 -0.5968 -0.0000
vn 0.8024 -0.4962 0.3316
vn 0.8024 -0.0000 0.5968
vn 0.8024 0.3315 0.4962
vn 0.8024 0.4962 0.3315
vn 0.8024 0.3316 -0.4962
vn 0.8024 -0.0000 -0.5968
vn 0.8024 -0.3316 -0.4962
vn 0.8024 -0.4962 -0.3316
vn 0.2187 -0.9733 -0.0692
vn 0.2187 -0.9733 0.0692
vn 0.0000 -0.9975 0.0709
vn 0.0000 -0.9975 -0.0709
vn 0.2188 0.0692 -0.9733
vn 0.2188 -0.0692 -0.9733
vn 0.0000 -0.0709 -0.9975
vn 0.0000 0.0709 -0.9975
vn 0.2187 0.9733 0.0692
vn 0.2187 0.9733 -0.0692
vn 0.0000 0.9975 -0.0709
vn 0.0000 0.9975 0.0709
vn 0.2188 -0.0692 0.9733
vn 0.2188 0.0692 0.9733
vn 0.0000 0.0709 0.9975
vn 0.0000 -0.0709 0.9975
vn 0.0000 -0.9424 -0.3346
vn 0.2183 -0.9196 -0.3265
vn 0.2183 -0.9196 0.3265
vn 0.0000 -0.9424 0.3346
vn 0.0000 0.3346 -0.9424
vn 0.2183 0.3265 -0.9196
vn 0.0000 0.9424 0.3346
vn 0.2183 0.9196 0.3265
vn 0.2188 -0.6900 -0.6900
vn 0.0000 -0.3346 -0.9424
vn 0.2183 -0.3265 -0.9196
vn 0.2188 -0.6900 0.6900
vn 0.2183 -0.3265 0.9196
vn 0.0000 -0.3346 0.9424
vn 0.2188 0.6900 -0.6900
vn 0.0000 0.9424 -0.3346
vn 0.2183 0.9196 -0.3265
vn 0.2188 0.6900 0.6900
vn 0.0000 0.3346 0.9424
vn 0.2183 0.3265 0.9196
vn 0.7161 -0.6962 0.0495
vn 0.7067 -0.6667 0.2367
vn 0.7162 -0.0495 -0.6962
vn 0.7067 -0.2367 -0.6667
vn 0.7162 0.0495 0.6962
vn 0.7067 0.2367 0.6667
vn 0.7161 0.6962 -0.0495
vn 0.7067 0.6667 -0.2367
vn 0.7162 -0.0495 0.6962
vn 0.7067 -0.2367 0.6667
vn 0.7046 -0.5018 0.5018
vn 0.7161 -0.6962 -0.0495
vn 0.7067 -0.6667 -0.2367
vn 0.7046 -0.5018 -0.5018
vn 0.7161 0.6962 0.0495
vn 0.7067 0.6667 0.2367
vn 0.7046 0.5018 0.5018
vn 0.7162 0.0495 -0.6962
vn 0.7067 0.2367 -0.6667
vn 0.7046 0.5018 -0.5018
vn 0.9786 -0.2051 0.0146
vn 0.9786 -0.2051 -0.0146
vn 0.9786 -0.0146 -0.2051
vn 0.9786 0.0146 -0.2051
vn 0.9786 0.2051 -0.0146
vn 0.9786 0.2051 0.0146
vn 0.9786 0.0146 0.2051
vn 0.9786 -0.0146 0.2051
vn 0.9761 -0.2049 0.0728
vn 0.9761 -0.0728 -0.2049
vn 0.9761 0.0728 0.2049
vn 0.9761 0.2049 -0.0728
vn 0.9761 -0.0728 0.2049
vn 0.9753 -0.1561 0.1561
vn 0.9761 -0.2049 -0.0728
vn 0.9753 -0.1561 -0.1561
vn 0.9761 0.2049 0.0728
vn 0.9753 0.1561 0.1561
vn 0.9761 0.0728 -0.2049
vn 0.9753 0.1561 -0.1561
vn 0.9786 -0.0694 -0.1939
vn -0.0000 -0.6257 -0.7801
vn 0.0000 -0.5367 -0.8437
vn 0.3928 -0.4936 -0.7759
vn 0.3846 -0.5775 -0.7201
vn 0.3845 -0.4058 -0.8292
vn 0.3843 -0.2098 -0.8991
vn 0.3842 0.0000 -0.9232
vn 0.3843 0.2098 -0.8991
vn 0.3845 0.4058 -0.8292
vn -0.0000 0.6257 -0.7801
vn 0.3846 0.5775 -0.7201
vn -0.0000 0.7801 -0.6257
vn 0.3846 0.7201 -0.5775
vn 0.0000 0.8438 -0.5367
vn 0.3928 0.7759 -0.4936
vn 0.3845 0.8292 -0.4058
vn 0.3843 0.8991 -0.2098
vn 0.3842 0.9232 0.0000
vn 0.0000 0.9934 0.1146
vn 0.3928 0.9136 0.1054
vn 0.3843 0.8991 0.2098
vn 0.0000 0.9415 0.3369
vn 0.3928 0.8659 0.3098
vn 0.3845 0.8292 0.4058
vn 0.3846 0.7201 0.5775
vn 0.3928 0.6503 0.6503
vn 0.3846 0.5776 0.7201
vn 0.3844 0.4058 0.8292
vn 0.0000 0.3369 0.9415
vn 0.3928 0.3098 0.8659
vn 0.0000 0.2273 0.9738
vn 0.3843 0.2098 0.8991
vn -0.0000 -0.0000 1.0000
vn 0.3843 -0.0000 0.9232
vn 0.0000 -0.1146 0.9934
vn 0.3928 -0.1054 0.9136
vn 0.3843 -0.2098 0.8991
vn 0.0000 -0.3369 0.9415
vn 0.3928 -0.3098 0.8659
vn 0.3845 -0.4058 0.8292
vn 0.3846 -0.5775 0.7201
vn 0.3846 -0.7201 0.5775
vn 0.0000 -0.8438 0.5367
vn 0.3928 -0.7759 0.4936
vn 0.3845 -0.8292 0.4058
vn 0.3843 -0.8991 0.2098
vn 0.3842 -0.9232 -0.0000
vn 0.3843 -0.8991 -0.2098
vn -0.0000 -0.8982 -0.4395
vn 0.3845 -0.8292 -0.4058
vn -0.0000 -0.7801 -0.6257
vn 0.3846 -0.7201 -0.5775
vn 0.7224 -0.3711 -0.5834
vn 0.7245 -0.4312 -0.5377
vn 0.7246 -0.3029 -0.6190
vn 0.7247 -0.1566 -0.6710
vn 0.7247 0.0000 -0.6890
vn 0.7247 0.1566 -0.6710
vn 0.7246 0.3029 -0.6190
vn 0.7245 0.4312 -0.5377
vn 0.7245 0.5377 -0.4312
vn 0.7224 0.5834 -0.3711
vn 0.7246 0.6190 -0.3029
vn 0.7247 0.6710 -0.1566
vn 0.7247 0.6890 -0.0001
vn 0.7225 0.6869 0.0792
vn 0.7247 0.6710 0.1566
vn 0.7224 0.6510 0.2329
vn 0.7246 0.6190 0.3029
vn 0.7245 0.5377 0.4312
vn 0.7224 0.4889 0.4889
vn 0.7245 0.4312 0.5377
vn 0.7246 0.3029 0.6190
vn 0.7224 0.2329 0.6510
vn 0.7247 0.1566 0.6710
vn 0.7247 0.0000 0.6890
vn 0.7225 -0.0792 0.6869
vn 0.7247 -0.1566 0.6710
vn 0.7224 -0.2329 0.6510
vn 0.7246 -0.3029 0.6190
vn 0.7245 -0.4312 0.5377
vn 0.7245 -0.5377 0.4312
vn 0.7224 -0.5834 0.3711
vn 0.7246 -0.6190 0.3029
vn 0.7247 -0.6710 0.1566
vn 0.7247 -0.6890 -0.0000
vn 0.7247 -0.6710 -0.1566
vn 0.7246 -0.6190 -0.3029
vn 0.7245 -0.5377 -0.4312
# 744 vertex normals

g Box001
s 1
f 1//1 2//2 3//2 4//1 
f 5//3 6//4 7//4 8//3 
f 9//5 10//6 11//6 12//5 
f 13//7 14//8 15//9 16//10 
f 17//11 18//12 19//12 20//11 
f 21//13 22//14 23//15 24//16 
f 21//13 24//16 25//17 26//18 
f 21//13 26//18 27//19 28//20 
f 21//13 28//20 29//21 30//22 
f 29//21 31//23 32//24 33//25 
f 29//21 33//25 34//26 35//27 
f 29//21 35//27 36//28 37//29 
f 29//21 37//29 30//22 
f 30//22 38//30 39//31 40//32 
f 30//22 40//32 41//33 42//34 
f 30//22 42//34 43//35 44//36 
f 30//22 44//36 45//37 21//13 
f 45//37 46//38 47//39 48//40 
f 45//37 48//40 49//41 50//42 
f 45//37 50//42 51//43 52//44 
f 21//13 45//37 52//44 
f 2//2 53//45 54//45 3//2 
f 4//1 55//46 56//46 1//1 
f 6//4 57//47 58//47 7//4 
f 8//3 59//48 60//48 5//3 
f 53//45 61//49 62//49 54//45 
f 61//49 63//50 64//50 62//49 
f 63//50 65//51 66//51 64//50 
f 65//51 67//52 68//52 66//51 
f 67//52 69//53 70//53 68//52 
f 69//53 19//12 18//12 70//53 
f 55//46 71//54 72//54 56//46 
f 71//54 73//55 74//55 72//54 
f 73//55 75//56 76//56 74//55 
f 75//56 77//57 78//57 76//56 
f 77//57 79//58 80//58 78//57 
f 79//58 11//6 10//6 80//58 
f 57//47 81//59 82//59 58//47 
f 81//59 83//60 84//60 82//59 
f 83//60 85//61 86//61 84//60 
f 85//61 87//62 88//62 86//61 
f 87//62 89//63 90//63 88//62 
f 89//63 9//5 12//5 90//63 
f 59//48 91//64 92//64 60//48 
f 91//64 93//65 94//65 92//64 
f 93//65 95//66 96//66 94//65 
f 95//66 97//67 98//67 96//66 
f 97//67 99//68 100//68 98//67 
f 99//68 17//11 20//11 100//68 
f 4//1 3//2 101//69 102//70 
f 2//2 1//1 103//71 104//72 
f 8//3 7//4 105//73 106//74 
f 6//4 5//3 107//75 108//76 
f 12//5 11//6 109//77 110//78 
f 10//6 9//5 111//79 112//80 
f 20//11 19//12 113//81 114//82 
f 18//12 17//11 115//83 116//84 
f 3//2 54//45 117//85 101//69 
f 53//45 2//2 104//72 118//86 
f 1//1 56//46 119//87 103//71 
f 55//46 4//1 102//70 120//88 
f 7//4 58//47 121//89 105//73 
f 57//47 6//4 108//76 122//90 
f 5//3 60//48 123//91 107//75 
f 59//48 8//3 106//74 124//92 
f 54//45 62//49 125//93 117//85 
f 61//49 53//45 118//86 126//94 
f 62//49 64//50 127//95 125//93 
f 63//50 61//49 126//94 128//96 
f 64//50 66//51 129//97 127//95 
f 65//51 63//50 128//96 130//98 
f 66//51 68//52 131//99 129//97 
f 67//52 65//51 130//98 132//100 
f 68//52 70//53 133//101 131//99 
f 69//53 67//52 132//100 134//102 
f 70//53 18//12 116//84 133//101 
f 19//12 69//53 134//102 113//81 
f 56//46 72//54 135//103 119//87 
f 71//54 55//46 120//88 136//104 
f 72//54 74//55 137//105 135//103 
f 73//55 71//54 136//104 138//106 
f 74//55 76//56 139//107 137//105 
f 75//56 73//55 138//106 140//108 
f 76//56 78//57 141//109 139//107 
f 77//57 75//56 140//108 142//110 
f 78//57 80//58 143//111 141//109 
f 79//58 77//57 142//110 144//112 
f 80//58 10//6 112//80 143//111 
f 11//6 79//58 144//112 109//77 
f 58//47 82//59 145//113 121//89 
f 81//59 57//47 122//90 146//114 
f 82//59 84//60 147//115 145//113 
f 83//60 81//59 146//114 148//116 
f 84//60 86//61 149//117 147//115 
f 85//61 83//60 148//116 150//118 
f 86//61 88//62 151//119 149//117 
f 87//62 85//61 150//118 152//120 
f 88//62 90//63 153//121 151//119 
f 89//63 87//62 152//120 154//122 
f 90//63 12//5 110//78 153//121 
f 9//5 89//63 154//122 111//79 
f 60//48 92//64 155//123 123//91 
f 91//64 59//48 124//92 156//124 
f 92//64 94//65 157//125 155//123 
f 93//65 91//64 156//124 158//126 
f 94//65 96//66 159//127 157//125 
f 95//66 93//65 158//126 160//128 
f 96//66 98//67 161//129 159//127 
f 97//67 95//66 160//128 162//130 
f 98//67 100//68 163//131 161//129 
f 99//68 97//67 162//130 164//132 
f 100//68 20//11 114//82 163//131 
f 17//11 99//68 164//132 115//83 
f 101//69 165//133 166//134 102//70 
f 105//73 167//135 168//136 106//74 
f 109//77 169//137 170//138 110//78 
f 171//139 172//140 15//9 14//8 
f 171//139 14//8 173//141 174//142 
f 102//70 166//134 175//143 120//88 
f 116//84 176//144 177//145 133//101 
f 110//78 170//138 178//146 153//121 
f 106//74 168//136 179//147 124//92 
f 144//112 180//148 169//137 109//77 
f 142//110 181//149 180//148 144//112 
f 140//108 182//150 181//149 142//110 
f 138//106 183//151 182//150 140//108 
f 136//104 184//152 183//151 138//106 
f 120//88 175//143 184//152 136//104 
f 117//85 185//153 165//133 101//69 
f 125//93 186//154 185//153 117//85 
f 127//95 187//155 186//154 125//93 
f 129//97 188//156 187//155 127//95 
f 131//99 189//157 188//156 129//97 
f 133//101 177//145 189//157 131//99 
f 121//89 190//158 167//135 105//73 
f 145//113 191//159 190//158 121//89 
f 147//115 192//160 191//159 145//113 
f 149//117 193//161 192//160 147//115 
f 151//119 194//162 193//161 149//117 
f 153//121 178//146 194//162 151//119 
f 164//132 195//163 196//164 115//83 
f 162//130 197//165 195//163 164//132 
f 160//128 198//166 197//165 162//130 
f 158//126 199//167 198//166 160//128 
f 156//124 200//168 199//167 158//126 
f 124//92 179//147 200//168 156//124 
f 165//133 201//169 202//170 166//134 
f 201//169 203//171 204//172 202//170 
f 203//171 205//173 206//174 204//172 
f 167//135 207//175 208//176 168//136 
f 207//175 209//177 210//178 208//176 
f 209//177 211//179 212//180 210//178 
f 169//137 213//181 214//182 170//138 
f 213//181 215//183 216//184 214//182 
f 215//183 217//185 13//7 16//10 
f 215//183 16//10 218//186 216//184 
f 174//142 219//187 220//188 171//139 
f 219//187 176//144 196//164 220//188 
f 176//144 116//84 115//83 196//164 
f 166//134 202//170 221//189 175//143 
f 202//170 204//172 222//190 221//189 
f 204//172 206//174 223//191 222//190 
f 176//144 219//187 224//192 177//145 
f 219//187 174//142 225//193 224//192 
f 174//142 173//141 226//194 225//193 
f 170//138 214//182 227//195 178//146 
f 214//182 216//184 228//196 227//195 
f 216//184 218//186 229//197 228//196 
f 168//136 208//176 230//198 179//147 
f 208//176 210//178 231//199 230//198 
f 210//178 212//180 232//200 231//199 
f 180//148 233//201 213//181 169//137 
f 233//201 234//202 215//183 213//181 
f 234//202 235//203 217//185 215//183 
f 181//149 236//204 233//201 180//148 
f 236//204 237//205 234//202 233//201 
f 237//205 238//206 235//203 234//202 
f 182//150 239//207 236//204 181//149 
f 239//207 240//208 237//205 236//204 
f 240//208 241//209 238//206 237//205 
f 183//151 242//210 239//207 182//150 
f 242//210 243//211 240//208 239//207 
f 243//211 244//212 241//209 240//208 
f 184//152 245//213 242//210 183//151 
f 245//213 246//214 243//211 242//210 
f 246//214 247//215 244//212 243//211 
f 175//143 221//189 245//213 184//152 
f 221//189 222//190 246//214 245//213 
f 222//190 223//191 247//215 246//214 
f 185//153 248//216 201//169 165//133 
f 248//216 249//217 203//171 201//169 
f 249//217 250//218 205//173 203//171 
f 186//154 251//219 248//216 185//153 
f 251//219 252//220 249//217 248//216 
f 252//220 253//221 250//218 249//217 
f 187//155 254//222 251//219 186//154 
f 254//222 255//223 252//220 251//219 
f 255//223 256//224 253//221 252//220 
f 188//156 257//225 254//222 187//155 
f 257//225 258//226 255//223 254//222 
f 258//226 259//227 256//224 255//223 
f 189//157 260//228 257//225 188//156 
f 260//228 261//229 258//226 257//225 
f 261//229 262//230 259//227 258//226 
f 177//145 224//192 260//228 189//157 
f 224//192 225//193 261//229 260//228 
f 225//193 226//194 262//230 261//229 
f 190//158 263//231 207//175 167//135 
f 263//231 264//232 209//177 207//175 
f 264//232 265//233 211//179 209//177 
f 191//159 266//234 263//231 190//158 
f 266//234 267//235 264//232 263//231 
f 267//235 268//236 265//233 264//232 
f 192//160 269//237 266//234 191//159 
f 269//237 270//238 267//235 266//234 
f 270//238 271//239 268//236 267//235 
f 193//161 272//240 269//237 192//160 
f 272//240 273//241 270//238 269//237 
f 273//241 274//242 271//239 270//238 
f 194//162 275//243 272//240 193//161 
f 275//243 276//244 273//241 272//240 
f 276//244 277//245 274//242 273//241 
f 178//146 227//195 275//243 194//162 
f 227//195 228//196 276//244 275//243 
f 228//196 229//197 277//245 276//244 
f 195//163 278//246 220//188 196//164 
f 278//246 279//247 171//139 220//188 
f 279//247 280//248 172//140 171//139 
f 197//165 281//249 278//246 195//163 
f 281//249 282//250 279//247 278//246 
f 282//250 283//251 280//248 279//247 
f 198//166 284//252 281//249 197//165 
f 284//252 285//253 282//250 281//249 
f 285//253 286//254 283//251 282//250 
f 199//167 287//255 284//252 198//166 
f 287//255 288//256 285//253 284//252 
f 288//256 289//257 286//254 285//253 
f 200//168 290//258 287//255 199//167 
f 290//258 291//259 288//256 287//255 
f 291//259 292//260 289//257 288//256 
f 179//147 230//198 290//258 200//168 
f 230//198 231//199 291//259 290//258 
f 231//199 232//200 292//260 291//259 
f 103//71 293//261 294//262 104//72 
f 107//75 295//263 296//264 108//76 
f 111//79 297//265 298//266 112//80 
f 113//81 299//267 300//268 114//82 
f 112//80 298//266 301//269 143//111 
f 104//72 294//262 302//270 118//86 
f 108//76 296//264 303//271 122//90 
f 114//82 300//268 304//272 163//131 
f 119//87 305//273 293//261 103//71 
f 135//103 306//274 305//273 119//87 
f 137//105 307//275 306//274 135//103 
f 139//107 308//276 307//275 137//105 
f 141//109 309//277 308//276 139//107 
f 143//111 301//269 309//277 141//109 
f 134//102 310//278 299//267 113//81 
f 132//100 311//279 310//278 134//102 
f 130//98 312//280 311//279 132//100 
f 128//96 313//281 312//280 130//98 
f 126//94 314//282 313//281 128//96 
f 118//86 302//270 314//282 126//94 
f 154//122 315//283 297//265 111//79 
f 152//120 316//284 315//283 154//122 
f 150//118 317//285 316//284 152//120 
f 148//116 318//286 317//285 150//118 
f 146//114 319//287 318//286 148//116 
f 122//90 303//271 319//287 146//114 
f 123//91 320//288 295//263 107//75 
f 155//123 321//289 320//288 123//91 
f 157//125 322//290 321//289 155//123 
f 159//127 323//291 322//290 157//125 
f 161//129 324//292 323//291 159//127 
f 163//131 304//272 324//292 161//129 
f 293//261 325//293 326//294 294//262 
f 325//293 327//295 328//296 326//294 
f 327//295 38//30 30//22 328//296 
f 295//263 329//297 330//298 296//264 
f 329//297 331//299 332//300 330//298 
f 331//299 22//14 21//13 332//300 
f 297//265 333//301 334//302 298//266 
f 333//301 335//303 336//304 334//302 
f 335//303 46//38 45//37 336//304 
f 299//267 337//305 338//306 300//268 
f 337//305 339//307 340//308 338//306 
f 339//307 31//23 29//21 340//308 
f 298//266 334//302 341//309 301//269 
f 334//302 336//304 342//310 341//309 
f 336//304 45//37 44//36 342//310 
f 294//262 326//294 343//311 302//270 
f 326//294 328//296 344//312 343//311 
f 328//296 30//22 37//29 344//312 
f 296//264 330//298 345//313 303//271 
f 330//298 332//300 346//314 345//313 
f 332//300 21//13 52//44 346//314 
f 300//268 338//306 347//315 304//272 
f 338//306 340//308 348//316 347//315 
f 340//308 29//21 28//20 348//316 
f 305//273 349//317 325//293 293//261 
f 349//317 350//318 327//295 325//293 
f 350//318 39//31 38//30 327//295 
f 306//274 351//319 349//317 305//273 
f 351//319 352//320 350//318 349//317 
f 352//320 40//32 39//31 350//318 
f 307//275 353//321 351//319 306//274 
f 353//321 354//322 352//320 351//319 
f 354//322 41//33 40//32 352//320 
f 308//276 355//323 353//321 307//275 
f 355//323 356//324 354//322 353//321 
f 356//324 42//34 41//33 354//322 
f 309//277 357//325 355//323 308//276 
f 357//325 358//326 356//324 355//323 
f 358//326 43//35 42//34 356//324 
f 301//269 341//309 357//325 309//277 
f 341//309 342//310 358//326 357//325 
f 342//310 44//36 43//35 358//326 
f 310//278 359//327 337//305 299//267 
f 359//327 360//328 339//307 337//305 
f 360//328 32//24 31//23 339//307 
f 311//279 361//329 359//327 310//278 
f 361//329 362//330 360//328 359//327 
f 362//330 33//25 32//24 360//328 
f 312//280 363//331 361//329 311//279 
f 363//331 364//332 362//330 361//329 
f 364//332 34//26 33//25 362//330 
f 313//281 365//333 363//331 312//280 
f 365//333 366//334 364//332 363//331 
f 366//334 35//27 34//26 364//332 
f 314//282 367//335 365//333 313//281 
f 367//335 368//336 366//334 365//333 
f 368//336 36//28 35//27 366//334 
f 302//270 343//311 367//335 314//282 
f 343//311 344//312 368//336 367//335 
f 344//312 37//29 36//28 368//336 
f 315//283 369//337 333//301 297//265 
f 369//337 370//338 335//303 333//301 
f 370//338 47//39 46//38 335//303 
f 316//284 371//339 369//337 315//283 
f 371//339 372//340 370//338 369//337 
f 372//340 48//40 47//39 370//338 
f 317//285 373//341 371//339 316//284 
f 373//341 374//342 372//340 371//339 
f 374//342 49//41 48//40 372//340 
f 318//286 375//343 373//341 317//285 
f 375//343 376//344 374//342 373//341 
f 376//344 50//42 49//41 374//342 
f 319//287 377//345 375//343 318//286 
f 377//345 378//346 376//344 375//343 
f 378//346 51//43 50//42 376//344 
f 303//271 345//313 377//345 319//287 
f 345//313 346//314 378//346 377//345 
f 346//314 52//44 51//43 378//346 
f 320//288 379//347 329//297 295//263 
f 379//347 380//348 331//299 329//297 
f 380//348 23//15 22//14 331//299 
f 321//289 381//349 379//347 320//288 
f 381//349 382//350 380//348 379//347 
f 382//350 24//16 23//15 380//348 
f 322//290 383//351 381//349 321//289 
f 383//351 384//352 382//350 381//349 
f 384//352 25//17 24//16 382//350 
f 323//291 385//353 383//351 322//290 
f 385//353 386//354 384//352 383//351 
f 386//354 26//18 25//17 384//352 
f 324//292 387//355 385//353 323//291 
f 387//355 388//356 386//354 385//353 
f 388//356 27//19 26//18 386//354 
f 304//272 347//315 387//355 324//292 
f 347//315 348//316 388//356 387//355 
f 348//316 28//20 27//19 388//356 
f 259//227 262//230 226//194 253//221 
f 173//141 14//8 13//7 226//194 
f 217//185 235//203 238//206 13//7 
f 226//194 13//7 238//206 206//174 
f 238//206 241//209 244//212 223//191 
f 244//212 247//215 223//191 
f 238//206 223//191 206//174 
f 205//173 250//218 253//221 206//174 
f 226//194 206//174 253//221 
f 259//227 253//221 256//224 
s 2
f 389//357 390//358 212//358 211//357 
f 391//359 389//357 211//357 265//359 
f 392//360 391//359 265//359 268//360 
f 393//361 392//360 268//360 271//361 
f 394//362 393//361 271//361 274//362 
f 395//363 394//362 274//362 277//363 
f 396//364 395//363 277//363 229//364 
f 397//365 396//364 229//364 218//365 
f 398//366 397//365 218//365 16//366 
s 4
f 399//367 398//367 16//367 15//367 
s 2
f 400//368 399//369 15//369 172//368 
f 401//370 400//368 172//368 280//370 
f 402//371 401//370 280//370 283//371 
f 403//372 402//371 283//371 286//372 
f 404//373 403//372 286//372 289//373 
f 405//374 404//373 289//373 292//374 
f 406//375 405//374 292//374 232//375 
f 390//358 406//375 232//375 212//358 
s 1
f 399//376 407//377 408//377 409//378 
f 399//376 409//378 410//379 411//380 
f 399//376 411//380 412//377 413//377 
f 399//376 413//377 414//377 415//377 
f 399//376 415//377 416//377 417//377 
f 399//376 417//377 418//377 419//377 
f 420//376 407//377 399//376 421//377 
f 422//377 421//377 399//376 423//377 
f 424//377 423//377 399//376 402//377 
f 400//377 401//377 402//377 399//376 
f 425//377 424//377 402//377 426//377 
f 427//377 426//377 402//377 428//377 
f 429//377 428//377 402//377 430//377 
f 402//377 403//377 404//377 406//377 
f 404//377 405//377 406//377 
f 402//377 406//377 390//381 430//377 
f 431//377 430//377 390//381 432//377 
f 433//377 432//377 390//381 434//381 
f 435//382 434//381 390//381 436//383 
f 437//383 436//383 390//381 438//384 
f 439//381 438//384 390//381 392//377 
f 389//377 391//377 392//377 390//381 
f 392//377 393//377 394//377 396//376 
f 394//377 395//377 396//376 
f 439//381 392//377 396//376 440//384 
f 441//383 440//384 396//376 442//383 
f 443//382 442//383 396//376 444//381 
f 445//381 444//381 396//376 446//377 
f 447//377 446//377 396//376 448//377 
f 449//377 448//377 396//376 450//377 
f 451//377 450//377 396//376 452//377 
f 453//377 452//377 396//376 454//377 
f 455//377 454//377 396//376 456//377 
f 457//377 456//377 396//376 458//379 
f 459//379 458//379 396//376 460//377 
f 461//377 460//377 396//376 397//377 
f 462//377 461//377 397//377 463//377 
f 464//377 463//377 397//377 398//377 
f 465//377 464//377 398//377 466//377 
f 467//377 466//377 398//377 468//377 
f 469//377 468//377 398//377 470//377 
f 419//377 470//377 398//377 399//376 
f 471//377 472//377 473//377 474//377 
f 475//377 474//377 473//377 476//377 
f 477//377 478//377 479//377 480//377 
f 480//377 479//377 481//377 473//377 
f 473//377 481//377 476//377 
f 475//377 476//377 482//377 483//377 
f 483//377 482//377 484//377 485//377 
f 486//377 487//377 488//377 489//377 
f 490//376 489//377 488//377 491//377 
f 492//383 493//384 494//383 495//383 
f 495//383 494//383 496//383 497//382 
f 497//382 496//383 498//382 499//381 
f 499//381 498//382 500//383 501//381 
f 502//381 499//381 501//381 503//381 
f 504//377 502//381 503//381 505//377 
f 506//377 505//377 503//381 507//377 
f 507//377 503//381 508//377 509//377 
f 507//377 509//377 510//377 511//377 
f 511//377 510//377 512//377 513//377 
f 513//377 512//377 514//377 515//377 
f 515//377 514//377 516//377 517//377 
f 518//377 515//377 517//377 519//377 
f 520//377 518//377 519//377 521//377 
f 488//377 520//377 521//377 491//377 
f 490//376 491//377 522//381 523//376 
f 523//376 522//381 524//377 525//377 
f 526//376 525//377 524//377 527//379 
f 528//385 526//376 527//379 529//379 
f 530//377 528//385 529//379 531//377 
f 532//380 530//377 531//377 533//377 
f 532//380 533//377 485//377 534//377 
f 484//377 534//377 485//377 
s 2
f 441//386 442//387 498//387 496//386 
f 442//387 443//387 500//387 498//387 
f 443//387 444//388 501//388 500//387 
f 444//388 445//389 503//389 501//388 
f 445//389 446//390 508//390 503//389 
f 446//390 447//391 509//391 508//390 
f 447//391 448//392 510//392 509//391 
f 448//392 449//392 512//392 510//392 
f 449//392 450//393 514//393 512//392 
f 450//393 451//393 516//393 514//393 
f 451//393 452//394 517//394 516//393 
f 452//394 453//395 519//395 517//394 
f 453//395 454//395 521//395 519//395 
f 454//395 455//395 491//395 521//395 
f 455//395 456//395 522//395 491//395 
f 456//395 457//395 524//395 522//395 
f 457//395 458//395 527//395 524//395 
f 458//395 459//395 529//395 527//395 
f 459//395 460//396 531//396 529//395 
f 460//396 461//396 533//396 531//396 
f 461//396 462//397 485//397 533//396 
f 462//397 463//397 483//397 485//397 
f 463//397 464//398 475//398 483//397 
f 464//398 465//399 474//399 475//398 
f 465//399 466//400 471//400 474//399 
f 466//400 467//401 472//401 471//400 
f 467//401 468//402 473//402 472//401 
f 468//402 469//403 480//403 473//402 
f 469//403 470//404 477//404 480//403 
f 470//404 419//405 478//405 477//404 
f 419//405 418//367 479//367 478//405 
f 418//367 417//367 481//367 479//367 
f 417//367 416//367 476//367 481//367 
f 416//367 415//367 482//367 476//367 
f 415//367 414//367 484//367 482//367 
f 414//367 413//367 534//367 484//367 
f 413//367 412//406 532//406 534//367 
f 412//406 411//407 530//407 532//406 
f 411//407 410//408 528//408 530//407 
f 410//408 409//409 526//409 528//408 
f 409//409 408//409 525//409 526//409 
f 408//409 407//410 523//410 525//409 
f 407//410 420//411 490//411 523//410 
f 420//411 421//412 489//412 490//411 
f 421//412 422//413 486//413 489//412 
f 422//413 423//414 487//414 486//413 
f 423//414 424//415 488//415 487//414 
f 424//415 425//416 520//416 488//415 
f 425//416 426//417 518//417 520//416 
f 426//417 427//418 515//418 518//417 
f 427//418 428//418 513//418 515//418 
f 428//418 429//419 511//419 513//418 
f 429//419 430//420 507//420 511//419 
f 430//420 431//421 506//421 507//420 
f 431//421 432//422 505//422 506//421 
f 432//422 433//423 504//423 505//422 
f 433//423 434//424 502//424 504//423 
f 434//424 435//424 499//424 502//424 
f 435//424 436//424 497//424 499//424 
f 436//424 437//424 495//424 497//424 
f 437//424 438//424 492//424 495//424 
f 438//424 439//425 493//425 492//424 
f 439//425 440//426 494//426 493//425 
f 440//426 441//386 496//386 494//426 
s 1
f 535//427 536//428 537//429 538//430 
f 536//428 539//431 540//432 537//429 
f 539//431 541//433 542//434 540//432 
f 541//433 543//435 544//436 542//434 
f 543//435 545//437 546//438 544//436 
f 545//437 547//439 548//440 546//438 
f 547//439 549//441 550//442 548//440 
f 549//441 551//443 552//395 550//442 
f 551//443 553//444 554//445 552//395 
f 553//444 555//446 556//447 554//445 
f 555//446 557//448 558//449 556//447 
f 557//448 559//450 560//451 558//449 
f 559//450 561//452 562//453 560//451 
f 561//452 563//454 564//455 562//453 
f 563//454 565//456 566//457 564//455 
f 565//456 567//458 568//424 566//457 
f 567//458 569//459 570//460 568//424 
f 569//459 571//461 572//462 570//460 
f 571//461 573//463 574//464 572//462 
f 573//463 575//465 576//466 574//464 
f 575//465 577//467 578//468 576//466 
f 577//467 579//469 580//470 578//468 
f 579//469 581//471 582//472 580//470 
f 581//471 583//473 584//369 582//472 
f 583//473 585//474 586//475 584//369 
f 585//474 587//476 588//477 586//475 
f 587//476 589//478 590//479 588//477 
f 589//478 591//480 592//481 590//479 
f 591//480 593//482 594//483 592//481 
f 593//482 595//484 596//485 594//483 
f 595//484 597//486 598//487 596//485 
f 597//486 535//427 538//430 598//487 
f 599//488 600//489 601//490 602//491 
f 601//490 603//492 604//493 605//494 
f 604//493 606//495 605//494 
f 605//494 607//496 608//497 609//498 
f 608//497 610//499 609//498 
f 609//498 611//500 612//501 613//502 
f 612//501 614//503 613//502 
f 605//494 609//498 613//502 602//491 
f 613//502 615//504 616//505 617//506 
f 616//505 618//507 617//506 
f 617//506 619//508 620//509 621//510 
f 620//509 622//511 621//510 
f 613//502 617//506 621//510 602//491 
f 621//510 623//512 624//513 625//514 
f 624//513 626//515 625//514 
f 625//514 627//516 628//517 602//491 
f 628//517 629//518 602//491 
f 621//510 625//514 602//491 
f 601//490 605//494 602//491 
f 630//519 599//488 602//491 
s 2
f 537//520 540//520 542//520 598//520 
f 542//520 544//520 546//520 550//520 
f 546//520 548//520 550//520 
f 550//520 552//520 554//520 558//520 
f 554//520 556//520 558//520 
f 558//520 560//520 562//520 566//520 
f 562//520 564//520 566//520 
f 550//520 558//520 566//520 598//520 
f 566//520 568//520 570//520 574//520 
f 570//520 572//520 574//520 
f 574//520 576//520 578//520 582//520 
f 578//520 580//520 582//520 
f 566//520 574//520 582//520 598//520 
f 582//520 584//520 586//520 590//520 
f 586//520 588//520 590//520 
f 590//520 592//520 594//520 598//520 
f 594//520 596//520 598//520 
f 582//520 590//520 598//520 
f 542//520 550//520 598//520 
f 538//520 537//520 598//520 
s 1
f 631//521 632//522 536//428 535//427 
f 536//428 632//522 633//523 539//431 
f 539//431 633//523 634//524 541//433 
f 541//433 634//524 635//525 543//435 
f 543//435 635//525 636//526 545//437 
f 545//437 636//526 637//527 547//439 
f 547//439 637//527 638//528 549//441 
f 549//441 638//528 639//529 551//443 
f 551//443 639//529 640//530 553//444 
f 553//444 640//530 641//531 555//446 
f 555//446 641//531 642//532 557//448 
f 557//448 642//532 643//533 559//450 
f 559//450 643//533 644//534 561//452 
f 561//452 644//534 645//535 563//454 
f 563//454 645//535 646//536 565//456 
f 565//456 646//536 647//537 567//458 
f 567//458 647//537 648//538 569//459 
f 569//459 648//538 649//539 571//461 
f 571//461 649//539 650//540 573//463 
f 573//463 650//540 651//541 575//465 
f 575//465 651//541 652//542 577//467 
f 577//467 652//542 653//543 579//469 
f 579//469 653//543 654//544 581//471 
f 581//471 654//544 655//545 583//473 
f 583//473 655//545 656//546 585//474 
f 585//474 656//546 657//547 587//476 
f 587//476 657//547 658//548 589//478 
f 589//478 658//548 659//549 591//480 
f 591//480 659//549 660//550 593//482 
f 593//482 660//550 661//551 595//484 
f 595//484 661//551 662//552 597//486 
f 597//486 662//552 631//521 535//427 
f 602//491 629//518 632//522 631//521 
f 632//522 629//518 628//517 633//523 
f 633//523 628//517 627//516 634//524 
f 634//524 627//516 625//514 635//525 
f 635//525 625//514 626//515 636//526 
f 636//526 626//515 624//513 637//527 
f 637//527 624//513 623//512 638//528 
f 638//528 623//512 621//510 639//529 
f 639//529 621//510 622//511 640//530 
f 640//530 622//511 620//509 641//531 
f 641//531 620//509 619//508 642//532 
f 642//532 619//508 617//506 643//533 
f 643//533 617//506 618//507 644//534 
f 644//534 618//507 616//505 645//535 
f 645//535 616//505 615//504 646//536 
f 646//536 615//504 613//502 647//537 
f 647//537 613//502 614//503 648//538 
f 648//538 614//503 612//501 649//539 
f 649//539 612//501 611//500 650//540 
f 650//540 611//500 609//498 651//541 
f 651//541 609//498 610//499 652//542 
f 652//542 610//499 608//497 653//543 
f 653//543 608//497 607//496 654//544 
f 654//544 607//496 605//494 655//545 
f 655//545 605//494 606//495 656//546 
f 656//546 606//495 604//493 657//547 
f 657//547 604//493 603//492 658//548 
f 658//548 603//492 601//490 659//549 
f 659//549 601//490 600//489 660//550 
f 660//550 600//489 599//488 661//551 
f 661//551 599//488 630//519 662//552 
f 662//552 630//519 602//491 631//521 
f 663//553 664//428 665//429 666//430 
f 664//428 667//431 668//432 665//429 
f 667//431 669//433 670//434 668//432 
f 669//433 671//435 672//436 670//434 
f 671//435 673//437 674//438 672//436 
f 673//437 675//439 676//440 674//438 
f 675//439 677//441 678//554 676//440 
f 677//441 679//443 680//555 678//554 
f 679//443 681//444 682//445 680//555 
f 681//444 683//446 684//447 682//445 
f 683//446 685//448 686//449 684//447 
f 685//448 687//450 688//451 686//449 
f 687//450 689//452 690//453 688//451 
f 689//452 691//454 692//455 690//453 
f 691//454 693//456 694//457 692//455 
f 693//456 695//556 696//424 694//457 
f 695//556 697//459 698//460 696//424 
f 697//459 699//461 700//462 698//460 
f 699//461 701//463 702//464 700//462 
f 701//463 703//465 704//466 702//464 
f 703//465 705//467 706//468 704//466 
f 705//467 707//469 708//470 706//468 
f 707//469 709//471 710//472 708//470 
f 709//471 711//557 712//558 710//472 
f 711//557 713//474 714//475 712//558 
f 713//474 715//476 716//477 714//475 
f 715//476 717//478 718//479 716//477 
f 717//478 719//480 720//481 718//479 
f 719//480 721//482 722//483 720//481 
f 721//482 723//484 724//485 722//483 
f 723//484 725//486 726//487 724//485 
f 725//486 663//553 666//430 726//487 
f 727//488 728//559 729//490 730//560 
f 729//490 731//492 732//493 733//561 
f 732//493 734//495 733//561 
f 733//561 735//496 736//497 737//498 
f 736//497 738//499 737//498 
f 737//498 739//562 740//501 741//502 
f 740//501 742//503 741//502 
f 733//561 737//498 741//502 730//560 
f 741//502 743//504 744//505 745//506 
f 744//505 746//563 745//506 
f 745//506 747//564 748//509 749//565 
f 748//509 750//511 749//565 
f 741//502 745//506 749//565 730//560 
f 749//565 751//512 752//513 753//514 
f 752//513 754//566 753//514 
f 753//514 755//567 756//517 730//560 
f 756//517 757//518 730//560 
f 749//565 753//514 730//560 
f 729//490 733//561 730//560 
f 758//519 727//488 730//560 
f 759//568 760//522 664//428 663//553 
f 664//428 760//522 761//523 667//431 
f 667//431 761//523 762//569 669//433 
f 669//433 762//569 763//525 671//435 
f 671//435 763//525 764//526 673//437 
f 673//437 764//526 765//527 675//439 
f 675//439 765//527 766//528 677//441 
f 677//441 766//528 767//529 679//443 
f 679//443 767//529 768//530 681//444 
f 681//444 768//530 769//531 683//446 
f 683//446 769//531 770//532 685//448 
f 685//448 770//532 771//533 687//450 
f 687//450 771//533 772//534 689//452 
f 689//452 772//534 773//535 691//454 
f 691//454 773//535 774//536 693//456 
f 693//456 774//536 775//570 695//556 
f 695//556 775//570 776//538 697//459 
f 697//459 776//538 777//539 699//461 
f 699//461 777//539 778//571 701//463 
f 701//463 778//571 779//541 703//465 
f 703//465 779//541 780//542 705//467 
f 705//467 780//542 781//543 707//469 
f 707//469 781//543 782//544 709//471 
f 709//471 782//544 783//572 711//557 
f 711//557 783//572 784//546 713//474 
f 713//474 784//546 785//547 715//476 
f 715//476 785//547 786//573 717//478 
f 717//478 786//573 787//549 719//480 
f 719//480 787//549 788//574 721//482 
f 721//482 788//574 789//551 723//484 
f 723//484 789//551 790//552 725//486 
f 725//486 790//552 759//568 663//553 
f 730//560 757//518 760//522 759//568 
f 760//522 757//518 756//517 761//523 
f 761//523 756//517 755//567 762//569 
f 762//569 755//567 753//514 763//525 
f 763//525 753//514 754//566 764//526 
f 764//526 754//566 752//513 765//527 
f 765//527 752//513 751//512 766//528 
f 766//528 751//512 749//565 767//529 
f 767//529 749//565 750//511 768//530 
f 768//530 750//511 748//509 769//531 
f 769//531 748//509 747//564 770//532 
f 770//532 747//564 745//506 771//533 
f 771//533 745//506 746//563 772//534 
f 772//534 746//563 744//505 773//535 
f 773//535 744//505 743//504 774//536 
f 774//536 743//504 741//502 775//570 
f 775//570 741//502 742//503 776//538 
f 776//538 742//503 740//501 777//539 
f 777//539 740//501 739//562 778//571 
f 778//571 739//562 737//498 779//541 
f 779//541 737//498 738//499 780//542 
f 780//542 738//499 736//497 781//543 
f 781//543 736//497 735//496 782//544 
f 782//544 735//496 733//561 783//572 
f 783//572 733//561 734//495 784//546 
f 784//546 734//495 732//493 785//547 
f 785//547 732//493 731//492 786//573 
f 786//573 731//492 729//490 787//549 
f 787//549 729//490 728//559 788//574 
f 788//574 728//559 727//488 789//551 
f 789//551 727//488 758//519 790//552 
f 790//552 758//519 730//560 759//568 
f 791//553 792//428 793//429 794//430 
f 792//428 795//431 796//432 793//429 
f 795//431 797//433 798//434 796//432 
f 797//433 799//435 800//436 798//434 
f 799//435 801//437 802//438 800//436 
f 801//437 803//439 804//440 802//438 
f 803//439 805//441 806//554 804//440 
f 805//441 807//443 808//555 806//554 
f 807//443 809//444 810//445 808//555 
f 809//444 811//446 812//447 810//445 
f 811//446 813//448 814//449 812//447 
f 813//448 815//450 816//451 814//449 
f 815//450 817//452 818//453 816//451 
f 817//452 819//454 820//455 818//453 
f 819//454 821//456 822//457 820//455 
f 821//456 823//556 824//424 822//457 
f 823//556 825//459 826//460 824//424 
f 825//459 827//461 828//462 826//460 
f 827//461 829//463 830//464 828//462 
f 829//463 831//465 832//466 830//464 
f 831//465 833//467 834//468 832//466 
f 833//467 835//469 836//470 834//468 
f 835//469 837//471 838//472 836//470 
f 837//471 839//557 840//558 838//472 
f 839//557 841//474 842//475 840//558 
f 841//474 843//476 844//477 842//475 
f 843//476 845//478 846//479 844//477 
f 845//478 847//480 848//481 846//479 
f 847//480 849//482 850//483 848//481 
f 849//482 851//484 852//485 850//483 
f 851//484 853//486 854//487 852//485 
f 853//486 791//553 794//430 854//487 
f 855//488 856//559 857//490 858//560 
f 857//490 859//492 860//493 861//561 
f 860//493 862//495 861//561 
f 861//561 863//496 864//497 865//498 
f 864//497 866//499 865//498 
f 865//498 867//562 868//501 869//502 
f 868//501 870//503 869//502 
f 861//561 865//498 869//502 858//560 
f 869//502 871//504 872//505 873//506 
f 872//505 874//563 873//506 
f 873//506 875//564 876//509 877//565 
f 876//509 878//511 877//565 
f 869//502 873//506 877//565 858//560 
f 877//565 879//512 880//513 881//514 
f 880//513 882//566 881//514 
f 881//514 883//567 884//517 858//560 
f 884//517 885//518 858//560 
f 877//565 881//514 858//560 
f 857//490 861//561 858//560 
f 886//519 855//488 858//560 
f 887//568 888//522 792//428 791//553 
f 792//428 888//522 889//523 795//431 
f 795//431 889//523 890//569 797//433 
f 797//433 890//569 891//525 799//435 
f 799//435 891//525 892//526 801//437 
f 801//437 892//526 893//527 803//439 
f 803//439 893//527 894//528 805//441 
f 805//441 894//528 895//529 807//443 
f 807//443 895//529 896//530 809//444 
f 809//444 896//530 897//531 811//446 
f 811//446 897//531 898//532 813//448 
f 813//448 898//532 899//533 815//450 
f 815//450 899//533 900//534 817//452 
f 817//452 900//534 901//535 819//454 
f 819//454 901//535 902//536 821//456 
f 821//456 902//536 903//570 823//556 
f 823//556 903//570 904//538 825//459 
f 825//459 904//538 905//539 827//461 
f 827//461 905//539 906//571 829//463 
f 829//463 906//571 907//541 831//465 
f 831//465 907//541 908//542 833//467 
f 833//467 908//542 909//543 835//469 
f 835//469 909//543 910//544 837//471 
f 837//471 910//544 911//572 839//557 
f 839//557 911//572 912//546 841//474 
f 841//474 912//546 913//547 843//476 
f 843//476 913//547 914//573 845//478 
f 845//478 914//573 915//549 847//480 
f 847//480 915//549 916//574 849//482 
f 849//482 916//574 917//551 851//484 
f 851//484 917//551 918//552 853//486 
f 853//486 918//552 887//568 791//553 
f 858//560 885//518 888//522 887//568 
f 888//522 885//518 884//517 889//523 
f 889//523 884//517 883//567 890//569 
f 890//569 883//567 881//514 891//525 
f 891//525 881//514 882//566 892//526 
f 892//526 882//566 880//513 893//527 
f 893//527 880//513 879//512 894//528 
f 894//528 879//512 877//565 895//529 
f 895//529 877//565 878//511 896//530 
f 896//530 878//511 876//509 897//531 
f 897//531 876//509 875//564 898//532 
f 898//532 875//564 873//506 899//533 
f 899//533 873//506 874//563 900//534 
f 900//534 874//563 872//505 901//535 
f 901//535 872//505 871//504 902//536 
f 902//536 871//504 869//502 903//570 
f 903//570 869//502 870//503 904//538 
f 904//538 870//503 868//501 905//539 
f 905//539 868//501 867//562 906//571 
f 906//571 867//562 865//498 907//541 
f 907//541 865//498 866//499 908//542 
f 908//542 866//499 864//497 909//543 
f 909//543 864//497 863//496 910//544 
f 910//544 863//496 861//561 911//572 
f 911//572 861//561 862//495 912//546 
f 912//546 862//495 860//493 913//547 
f 913//547 860//493 859//492 914//573 
f 914//573 859//492 857//490 915//549 
f 915//549 857//490 856//559 916//574 
f 916//574 856//559 855//488 917//551 
f 917//551 855//488 886//519 918//552 
f 918//552 886//519 858//560 887//568 
f 919//427 920//428 921//429 922//430 
f 920//428 923//431 924//432 921//429 
f 923//431 925//433 926//434 924//432 
f 925//433 927//435 928//436 926//434 
f 927//435 929//437 930//438 928//436 
f 929//437 931//439 932//440 930//438 
f 931//439 933//441 934//442 932//440 
f 933//441 935//443 936//395 934//442 
f 935//443 937//444 938//445 936//395 
f 937//444 939//446 940//447 938//445 
f 939//446 941//448 942//449 940//447 
f 941//448 943//450 944//451 942//449 
f 943//450 945//452 946//453 944//451 
f 945//452 947//454 948//455 946//453 
f 947//454 949//456 950//457 948//455 
f 949//456 951//458 952//424 950//457 
f 951//458 953//459 954//460 952//424 
f 953//459 955//461 956//462 954//460 
f 955//461 957//463 958//464 956//462 
f 957//463 959//465 960//466 958//464 
f 959//465 961//467 962//468 960//466 
f 961//467 963//469 964//470 962//468 
f 963//469 965//471 966//472 964//470 
f 965//471 967//473 968//369 966//472 
f 967//473 969//474 970//475 968//369 
f 969//474 971//476 972//477 970//475 
f 971//476 973//478 974//479 972//477 
f 973//478 975//480 976//481 974//479 
f 975//480 977//482 978//483 976//481 
f 977//482 979//484 980//485 978//483 
f 979//484 981//486 982//487 980//485 
f 981//486 919//427 922//430 982//487 
f 983//488 984//489 985//490 986//491 
f 985//490 987//492 988//493 989//494 
f 988//493 990//495 989//494 
f 989//494 991//496 992//497 993//498 
f 992//497 994//499 993//498 
f 993//498 995//500 996//501 997//502 
f 996//501 998//503 997//502 
f 989//494 993//498 997//502 986//491 
f 997//502 999//504 1000//505 1001//506 
f 1000//505 1002//507 1001//506 
f 1001//506 1003//508 1004//509 1005//510 
f 1004//509 1006//511 1005//510 
f 997//502 1001//506 1005//510 986//491 
f 1005//510 1007//512 1008//513 1009//514 
f 1008//513 1010//515 1009//514 
f 1009//514 1011//516 1012//517 986//491 
f 1012//517 1013//518 986//491 
f 1005//510 1009//514 986//491 
f 985//490 989//494 986//491 
f 1014//519 983//488 986//491 
s 2
f 921//520 924//520 926//520 982//520 
f 926//520 928//520 930//520 934//520 
f 930//520 932//520 934//520 
f 934//520 936//520 938//520 942//520 
f 938//520 940//520 942//520 
f 942//520 944//520 946//520 950//520 
f 946//520 948//520 950//520 
f 934//520 942//520 950//520 982//520 
f 950//520 952//520 954//520 958//520 
f 954//520 956//520 958//520 
f 958//520 960//520 962//520 966//520 
f 962//520 964//520 966//520 
f 950//520 958//520 966//520 982//520 
f 966//520 968//520 970//520 974//520 
f 970//520 972//520 974//520 
f 974//520 976//520 978//520 982//520 
f 978//520 980//520 982//520 
f 966//520 974//520 982//520 
f 926//520 934//520 982//520 
f 922//520 921//520 982//520 
s 1
f 1015//521 1016//522 920//428 919//427 
f 920//428 1016//522 1017//523 923//431 
f 923//431 1017//523 1018//524 925//433 
f 925//433 1018//524 1019//525 927//435 
f 927//435 1019//525 1020//575 929//437 
f 929//437 1020//575 1021//527 931//439 
f 931//439 1021//527 1022//528 933//441 
f 933//441 1022//528 1023//576 935//443 
f 935//443 1023//576 1024//530 937//444 
f 937//444 1024//530 1025//531 939//446 
f 939//446 1025//531 1026//577 941//448 
f 941//448 1026//577 1027//533 943//450 
f 943//450 1027//533 1028//578 945//452 
f 945//452 1028//578 1029//535 947//454 
f 947//454 1029//535 1030//536 949//456 
f 949//456 1030//536 1031//537 951//458 
f 951//458 1031//537 1032//538 953//459 
f 953//459 1032//538 1033//539 955//461 
f 955//461 1033//539 1034//540 957//463 
f 957//463 1034//540 1035//541 959//465 
f 959//465 1035//541 1036//542 961//467 
f 961//467 1036//542 1037//543 963//469 
f 963//469 1037//543 1038//544 965//471 
f 965//471 1038//544 1039//545 967//473 
f 967//473 1039//545 1040//546 969//474 
f 969//474 1040//546 1041//547 971//476 
f 971//476 1041//547 1042//548 973//478 
f 973//478 1042//548 1043//549 975//480 
f 975//480 1043//549 1044//574 977//482 
f 977//482 1044//574 1045//551 979//484 
f 979//484 1045//551 1046//552 981//486 
f 981//486 1046//552 1015//521 919//427 
f 986//491 1013//518 1016//522 1015//521 
f 1016//522 1013//518 1012//517 1017//523 
f 1017//523 1012//517 1011//516 1018//524 
f 1018//524 1011//516 1009//514 1019//525 
f 1019//525 1009//514 1010//515 1020//575 
f 1020//575 1010//515 1008//513 1021//527 
f 1021//527 1008//513 1007//512 1022//528 
f 1022//528 1007//512 1005//510 1023//576 
f 1023//576 1005//510 1006//511 1024//530 
f 1024//530 1006//511 1004//509 1025//531 
f 1025//531 1004//509 1003//508 1026//577 
f 1026//577 1003//508 1001//506 1027//533 
f 1027//533 1001//506 1002//507 1028//578 
f 1028//578 1002//507 1000//505 1029//535 
f 1029//535 1000//505 999//504 1030//536 
f 1030//536 999//504 997//502 1031//537 
f 1031//537 997//502 998//503 1032//538 
f 1032//538 998//503 996//501 1033//539 
f 1033//539 996//501 995//500 1034//540 
f 1034//540 995//500 993//498 1035//541 
f 1035//541 993//498 994//499 1036//542 
f 1036//542 994//499 992//497 1037//543 
f 1037//543 992//497 991//496 1038//544 
f 1038//544 991//496 989//494 1039//545 
f 1039//545 989//494 990//495 1040//546 
f 1040//546 990//495 988//493 1041//547 
f 1041//547 988//493 987//492 1042//548 
f 1042//548 987//492 985//490 1043//549 
f 1043//549 985//490 984//489 1044//574 
f 1044//574 984//489 983//488 1045//551 
f 1045//551 983//488 1014//519 1046//552 
f 1046//552 1014//519 986//491 1015//521 
s 2
f 1047//579 1048//580 1049//581 1050//582 
f 1051//583 1052//584 1053//585 1054//586 
f 1055//587 1056//588 1057//589 1058//590 
f 1059//591 1060//592 1061//593 1062//594 
f 1050//582 1063//595 1064//596 1047//579 
f 1048//580 1065//597 1066//598 1049//581 
f 1054//586 1067//599 1068//600 1051//583 
f 1058//590 1069//601 1070//602 1055//587 
f 1063//595 1071//451 1072//603 1064//596 
f 1071//451 1073//604 1074//605 1072//603 
f 1073//604 1053//585 1052//584 1074//605 
f 1065//597 1075//606 1076//466 1066//598 
f 1075//606 1077//607 1078//608 1076//466 
f 1077//607 1059//591 1062//594 1078//608 
f 1067//599 1079//436 1080//609 1068//600 
f 1079//436 1081//610 1082//611 1080//609 
f 1081//610 1057//589 1056//588 1082//611 
f 1069//601 1083//481 1084//612 1070//602 
f 1083//481 1085//613 1086//614 1084//612 
f 1085//613 1061//593 1060//592 1086//614 
f 1065//597 1048//580 1087//615 1088//616 
f 1074//605 1052//584 1089//617 1090//618 
f 1086//614 1060//592 1091//619 1092//620 
f 1082//611 1056//588 1093//621 1094//622 
f 1095//623 1059//591 1077//607 1096//624 
f 1096//624 1077//607 1075//606 1097//625 
f 1097//625 1075//606 1065//597 1088//616 
f 1098//626 1047//579 1064//596 1099//627 
f 1099//627 1064//596 1072//603 1100//628 
f 1100//628 1072//603 1074//605 1090//618 
f 1101//629 1055//587 1070//602 1102//630 
f 1102//630 1070//602 1084//612 1103//631 
f 1103//631 1084//612 1086//614 1092//620 
f 1104//632 1051//583 1068//600 1105//633 
f 1105//633 1068//600 1080//609 1106//634 
f 1106//634 1080//609 1082//611 1094//622 
f 1107//635 1087//615 1098//626 1108//636 
f 1047//579 1098//626 1087//615 1048//580 
f 1109//637 1089//617 1104//632 1110//638 
f 1051//583 1104//632 1089//617 1052//584 
f 1111//639 1093//621 1101//629 1112//640 
f 1055//587 1101//629 1093//621 1056//588 
f 1113//641 1091//619 1095//623 1114//642 
f 1059//591 1095//623 1091//619 1060//592 
f 1087//615 1107//635 1115//643 1088//616 
f 1089//617 1109//637 1116//644 1090//618 
f 1091//619 1113//641 1117//645 1092//620 
f 1093//621 1111//639 1118//646 1094//622 
f 1096//624 1119//647 1114//642 1095//623 
f 1097//625 1120//648 1119//647 1096//624 
f 1088//616 1115//643 1120//648 1097//625 
f 1099//627 1121//649 1108//636 1098//626 
f 1100//628 1122//650 1121//649 1099//627 
f 1090//618 1116//644 1122//650 1100//628 
f 1102//630 1123//651 1112//640 1101//629 
f 1103//631 1124//652 1123//651 1102//630 
f 1092//620 1117//645 1124//652 1103//631 
f 1105//633 1125//653 1110//638 1104//632 
f 1106//634 1126//654 1125//653 1105//633 
f 1094//622 1118//646 1126//654 1106//634 
s 1
f 1127//377 1128//377 1129//376 1130//376 
f 1129//376 1131//377 1132//377 1133//377 
f 1132//377 1134//377 1133//377 
f 1133//377 1135//377 1136//377 1137//381 
f 1136//377 1138//377 1137//381 
f 1129//376 1133//377 1137//381 1139//376 
f 1137//381 1140//377 1141//377 1142//377 
f 1141//377 1143//377 1142//377 
f 1142//377 1144//377 1145//377 1146//377 
f 1145//377 1147//377 1146//377 
f 1137//381 1142//377 1146//377 1148//377 
f 1146//377 1149//377 1150//377 1151//377 
f 1150//377 1152//377 1151//377 
f 1151//377 1153//377 1154//377 1148//377 
f 1154//377 1155//377 1148//377 
f 1146//377 1151//377 1148//377 
f 1148//377 1156//377 1157//377 1158//383 
f 1157//377 1159//377 1158//383 
f 1160//381 1161//377 1139//376 1158//383 
f 1148//377 1158//383 1139//376 1137//381 
f 1130//376 1129//376 1139//376 1162//383 
f 1163//377 1130//376 1162//383 
s 2
f 1164//381 1165//655 1166//383 1117//645 
f 1167//383 1168//377 1169//377 1117//645 
f 1170//377 1171//377 1172//377 1117//645 
f 1172//377 1173//377 1174//377 1117//645 
f 1175//377 1176//377 1177//377 1110//638 
f 1178//377 1179//377 1116//644 1109//637 
f 1180//377 1178//377 1109//637 1181//377 
f 1182//377 1181//377 1109//637 1183//377 
f 1184//377 1183//377 1109//637 1110//638 
f 1177//377 1184//377 1110//638 
f 1185//377 1175//377 1110//638 1174//377 
f 1110//638 1125//653 1126//654 1111//639 
f 1126//654 1118//646 1111//639 
f 1111//639 1112//640 1123//651 1117//645 
f 1123//651 1124//652 1117//645 
f 1110//638 1111//639 1117//645 1174//377 
f 1169//377 1170//377 1117//645 
f 1166//383 1167//383 1117//645 
f 1117//645 1113//641 1114//642 1120//648 
f 1114//642 1119//647 1120//648 
f 1120//648 1115//643 1107//635 1121//649 
f 1107//635 1108//636 1121//649 
f 1121//649 1122//650 1116//644 1120//648 
f 1116//644 1179//377 1186//377 1187//377 
f 1116//644 1187//377 1188//377 1120//648 
f 1120//648 1188//377 1189//377 1190//377 
f 1120//648 1190//377 1191//377 1192//377 
f 1192//377 1193//377 1194//377 1120//648 
f 1120//648 1194//377 1195//377 1196//377 
f 1117//645 1120//648 1196//377 1197//377 
f 1196//377 1198//377 1197//377 
f 1197//377 1199//377 1200//377 1117//645 
f 1164//381 1117//645 1200//377 
s 4
f 1186//656 1179//657 1201//658 1202//659 
f 1179//657 1178//390 1203//660 1201//658 
f 1178//390 1180//391 1204//661 1203//660 
f 1180//391 1181//395 1205//662 1204//661 
f 1181//395 1182//399 1206//663 1205//662 
f 1182//399 1183//400 1207//664 1206//663 
f 1183//400 1184//665 1208//666 1207//664 
f 1184//665 1177//667 1209//668 1208//666 
f 1177//667 1176//669 1210//670 1209//668 
f 1176//669 1175//403 1211//671 1210//670 
f 1175//403 1185//404 1212//672 1211//671 
f 1185//404 1174//430 1213//673 1212//672 
f 1174//430 1173//674 1214//675 1213//673 
f 1173//674 1172//407 1215//676 1214//675 
f 1172//407 1171//677 1216//678 1215//676 
f 1171//677 1170//408 1217//679 1216//678 
f 1170//408 1169//410 1218//680 1217//679 
f 1169//410 1168//481 1219//681 1218//680 
f 1168//481 1167//411 1220//682 1219//681 
f 1167//411 1166//412 1221//683 1220//682 
f 1166//412 1165//684 1222//685 1221//683 
f 1165//684 1164//686 1223//687 1222//685 
f 1164//686 1200//688 1224//689 1223//687 
f 1200//688 1199//690 1225//691 1224//689 
f 1199//690 1197//416 1226//692 1225//691 
f 1197//416 1198//693 1227//694 1226//692 
f 1198//693 1196//417 1228//695 1227//694 
f 1196//417 1195//419 1229//696 1228//695 
f 1195//419 1194//420 1230//697 1229//696 
f 1194//420 1193//698 1231//699 1230//697 
f 1193//698 1192//421 1232//700 1231//699 
f 1192//421 1191//422 1233//701 1232//700 
f 1191//422 1190//424 1234//702 1233//701 
f 1190//424 1189//426 1235//703 1234//702 
f 1189//426 1188//704 1236//705 1235//703 
f 1188//704 1187//706 1237//707 1236//705 
f 1187//706 1186//656 1202//659 1237//707 
f 1202//659 1201//658 1142//708 1143//709 
f 1201//658 1203//660 1144//710 1142//708 
f 1203//660 1204//661 1145//711 1144//710 
f 1204//661 1205//662 1147//712 1145//711 
f 1205//662 1206//663 1146//713 1147//712 
f 1206//663 1207//664 1149//714 1146//713 
f 1207//664 1208//666 1150//715 1149//714 
f 1208//666 1209//668 1152//716 1150//715 
f 1209//668 1210//670 1151//717 1152//716 
f 1210//670 1211//671 1153//718 1151//717 
f 1211//671 1212//672 1154//719 1153//718 
f 1212//672 1213//673 1155//720 1154//719 
f 1213//673 1214//675 1148//721 1155//720 
f 1214//675 1215//676 1156//722 1148//721 
f 1215//676 1216//678 1157//723 1156//722 
f 1216//678 1217//679 1159//724 1157//723 
f 1217//679 1218//680 1158//725 1159//724 
f 1218//680 1219//681 1160//726 1158//725 
f 1219//681 1220//682 1161//727 1160//726 
f 1220//682 1221//683 1139//728 1161//727 
f 1221//683 1222//685 1162//729 1139//728 
f 1222//685 1223//687 1163//730 1162//729 
f 1223//687 1224//689 1130//731 1163//730 
f 1224//689 1225//691 1127//732 1130//731 
f 1225//691 1226//692 1128//733 1127//732 
f 1226//692 1227//694 1129//734 1128//733 
f 1227//694 1228//695 1131//735 1129//734 
f 1228//695 1229//696 1132//736 1131//735 
f 1229//696 1230//697 1134//737 1132//736 
f 1230//697 1231//699 1133//738 1134//737 
f 1231//699 1232//700 1135//739 1133//738 
f 1232//700 1233//701 1136//740 1135//739 
f 1233//701 1234//702 1138//741 1136//740 
f 1234//702 1235//703 1137//742 1138//741 
f 1235//703 1236//705 1140//743 1137//742 
f 1236//705 1237//707 1141//744 1140//743 
f 1237//707 1202//659 1143//709 1141//744 
# 1142 polygons - 88 triangles

#
# object Plane003
#

#
# object Cylinder008
#

v  -1.4747 64.6141 25.0683
v  -1.6732 64.5689 25.0283
v  -1.6732 67.1571 22.4401
v  -1.4747 67.1997 22.4827
v  -1.8796 64.5546 25.0139
v  -1.8796 67.1427 22.4258
v  -2.0860 64.5689 25.0283
v  -2.0860 67.1571 22.4401
v  -2.2845 64.6141 25.0683
v  -2.2845 67.1997 22.4827
v  -2.2845 65.9962 26.4508
v  -2.0860 66.0364 26.4957
v  -2.0860 68.6245 23.9076
v  -2.2845 68.5820 23.8650
v  -1.8796 66.0508 26.5101
v  -1.8796 68.6389 23.9220
v  -1.6732 66.0364 26.4957
v  -1.6732 68.6245 23.9076
v  -1.4747 65.9962 26.4508
v  -1.4747 68.5820 23.8650
v  -0.8216 67.8908 23.1739
v  -0.8419 67.7449 23.0279
v  -0.8419 68.9090 21.8638
v  -0.8216 69.0549 22.0097
v  -0.9021 67.6045 22.8876
v  -0.9021 68.7687 21.7235
v  -0.9999 67.4752 22.7582
v  -0.9999 68.6393 21.5941
v  -1.1315 67.3618 22.6449
v  -1.1315 68.5260 21.4808
v  -1.2918 67.2688 22.5518
v  -1.2918 68.4329 21.3877
v  -1.4747 68.3638 21.3186
v  -1.6732 68.3212 21.2760
v  -1.8796 68.3068 21.2616
v  -2.0860 68.3212 21.2760
v  -2.2845 68.3638 21.3186
v  -2.4674 67.2688 22.5518
v  -2.4674 68.4329 21.3877
v  -2.6277 67.3618 22.6449
v  -2.6277 68.5260 21.4808
v  -2.7593 67.4752 22.7582
v  -2.7593 68.6393 21.5941
v  -2.8570 67.6045 22.8876
v  -2.8570 68.7687 21.7235
v  -2.9172 67.7449 23.0279
v  -2.9172 68.9090 21.8638
v  -2.9376 67.8908 23.1739
v  -2.9376 69.0549 22.0097
v  -2.9172 68.0368 23.3198
v  -2.9172 69.2009 22.1557
v  -2.8570 68.1771 23.4602
v  -2.8570 69.3412 22.2960
v  -2.7593 68.3064 23.5895
v  -2.7593 69.4706 22.4254
v  -2.6277 68.4198 23.7029
v  -2.6277 69.5839 22.5387
v  -2.4674 68.5128 23.7959
v  -2.4674 69.6770 22.6318
v  -2.2845 69.7461 22.7009
v  -2.0860 69.7887 22.7435
v  -1.8796 69.8030 22.7578
v  -1.6732 69.7887 22.7435
v  -1.4747 69.7461 22.7009
v  -1.2918 68.5128 23.7959
v  -1.2918 69.6770 22.6318
v  -1.1315 68.4198 23.7029
v  -1.1315 69.5839 22.5387
v  -0.9999 68.3064 23.5895
v  -0.9999 69.4706 22.4254
v  -0.9021 68.1771 23.4602
v  -0.9021 69.3412 22.2960
v  -0.8419 68.0368 23.3198
v  -0.8419 69.2009 22.1557
v  -0.9792 68.9283 21.8831
v  -0.9616 69.0549 22.0097
v  -1.0315 68.8065 21.7613
v  -1.1163 68.6943 21.6491
v  -1.2305 68.5959 21.5507
v  -1.3696 68.5152 21.4700
v  -1.5283 68.4552 21.4100
v  -1.7005 68.4183 21.3731
v  -1.8796 68.4058 21.3606
v  -2.0587 68.4183 21.3731
v  -2.2309 68.4552 21.4100
v  -2.3896 68.5152 21.4700
v  -2.5287 68.5959 21.5507
v  -2.6429 68.6943 21.6491
v  -2.7277 68.8065 21.7613
v  -2.7800 68.9283 21.8831
v  -2.7976 69.0549 22.0097
v  -2.7800 69.1816 22.1364
v  -2.7277 69.3034 22.2582
v  -2.6429 69.4156 22.3704
v  -2.5287 69.5139 22.4688
v  -2.3896 69.5947 22.5495
v  -2.2309 69.6547 22.6095
v  -2.0587 69.6916 22.6464
v  -1.8796 69.7041 22.6589
v  -1.7005 69.6916 22.6464
v  -1.5283 69.6547 22.6095
v  -1.3696 69.5947 22.5495
v  -1.2305 69.5139 22.4687
v  -1.1163 69.4156 22.3704
v  -1.0315 69.3034 22.2582
v  -0.9792 69.1816 22.1364
v  -0.9792 83.4932 7.3182
v  -0.9616 83.6198 7.4449
v  -1.0315 83.3714 7.1965
v  -1.1163 83.2592 7.0842
v  -1.2305 83.1608 6.9859
v  -1.3696 83.0801 6.9052
v  -1.5283 83.0201 6.8452
v  -1.7005 82.9832 6.8082
v  -1.8796 82.9707 6.7958
v  -2.0587 82.9832 6.8082
v  -2.2309 83.0201 6.8452
v  -2.3896 83.0801 6.9052
v  -2.5287 83.1608 6.9859
v  -2.6429 83.2592 7.0843
v  -2.7277 83.3714 7.1965
v  -2.7800 83.4932 7.3182
v  -2.7976 83.6198 7.4449
v  -2.7800 83.7464 7.5715
v  -2.7277 83.8682 7.6933
v  -2.6429 83.9804 7.8055
v  -2.5287 84.0788 7.9039
v  -2.3896 84.1595 7.9846
v  -2.2309 84.2195 8.0446
v  -2.0587 84.2565 8.0815
v  -1.8796 84.2689 8.0940
v  -1.7005 84.2565 8.0815
v  -1.5283 84.2195 8.0446
v  -1.3696 84.1595 7.9846
v  -1.2305 84.0788 7.9039
v  -1.1163 83.9804 7.8055
v  -1.0315 83.8682 7.6933
v  -0.9792 83.7464 7.5715
v  -1.1753 83.5208 7.3458
v  -1.1615 83.6198 7.4449
v  -1.2162 83.4255 7.2506
v  -1.2826 83.3377 7.1628
v  -1.3719 83.2608 7.0859
v  -1.4807 83.1976 7.0227
v  -1.6048 83.1507 6.9758
v  -1.7395 83.1218 6.9469
v  -1.8796 83.1121 6.9372
v  -2.0197 83.1218 6.9469
v  -2.1544 83.1507 6.9758
v  -2.2785 83.1976 7.0227
v  -2.3873 83.2608 7.0859
v  -2.4766 83.3377 7.1628
v  -2.5430 83.4255 7.2506
v  -2.5838 83.5208 7.3458
v  -2.5976 83.6198 7.4449
v  -2.5838 83.7189 7.5439
v  -2.5430 83.8141 7.6392
v  -2.4766 83.9019 7.7270
v  -2.3873 83.9788 7.8039
v  -2.2785 84.0420 7.8670
v  -2.1544 84.0889 7.9140
v  -2.0197 84.1178 7.9429
v  -1.8796 84.1275 7.9526
v  -1.7395 84.1178 7.9429
v  -1.6048 84.0889 7.9140
v  -1.4807 84.0420 7.8670
v  -1.3719 83.9788 7.8039
v  -1.2826 83.9019 7.7270
v  -1.2162 83.8141 7.6392
v  -1.1753 83.7189 7.5439
v  -1.1753 101.0057 -10.1391
v  -1.1615 101.1047 -10.0400
v  -1.2162 100.9104 -10.2343
v  -1.2826 100.8227 -10.3221
v  -1.3719 100.7457 -10.3991
v  -1.4807 100.6826 -10.4622
v  -1.6048 100.6357 -10.5091
v  -1.7395 100.6068 -10.5380
v  -1.8796 100.5970 -10.5478
v  -2.0197 100.6068 -10.5380
v  -2.1544 100.6357 -10.5091
v  -2.2785 100.6826 -10.4622
v  -2.3873 100.7457 -10.3991
v  -2.4766 100.8227 -10.3221
v  -2.5430 100.9104 -10.2343
v  -2.5838 101.0057 -10.1391
v  -2.5976 101.1047 -10.0400
v  -2.5838 101.2038 -9.9410
v  -2.5430 101.2990 -9.8457
v  -2.4766 101.3868 -9.7580
v  -2.3873 101.4638 -9.6810
v  -2.2785 101.5269 -9.6179
v  -2.1544 101.5738 -9.5710
v  -2.0197 101.6027 -9.5421
v  -1.8796 101.6125 -9.5323
v  -1.7395 101.6027 -9.5421
v  -1.6048 101.5738 -9.5710
v  -1.4807 101.5269 -9.6179
v  -1.3719 101.4638 -9.6810
v  -1.2826 101.3868 -9.7580
v  -1.2162 101.2990 -9.8457
v  -1.1753 101.2038 -9.9410
v  -1.3585 101.0314 -10.1133
v  -1.3483 101.1047 -10.0400
v  -1.3888 100.9610 -10.1838
v  -1.4379 100.8960 -10.2487
v  -1.5039 100.8391 -10.3057
v  -1.5844 100.7924 -10.3524
v  -1.6763 100.7577 -10.3871
v  -1.7759 100.7363 -10.4085
v  -1.8796 100.7291 -10.4157
v  -1.9832 100.7363 -10.4085
v  -2.0829 100.7577 -10.3871
v  -2.1747 100.7924 -10.3524
v  -2.2552 100.8391 -10.3057
v  -2.3213 100.8960 -10.2487
v  -2.3704 100.9610 -10.1838
v  -2.4006 101.0314 -10.1133
v  -2.4108 101.1047 -10.0400
v  -2.4006 101.1780 -9.9668
v  -2.3704 101.2485 -9.8963
v  -2.3213 101.3134 -9.8313
v  -2.2552 101.3704 -9.7744
v  -2.1747 101.4171 -9.7277
v  -2.0829 101.4518 -9.6930
v  -1.9832 101.4732 -9.6716
v  -1.8796 101.4804 -9.6644
v  -1.7759 101.4732 -9.6716
v  -1.6763 101.4518 -9.6930
v  -1.5844 101.4171 -9.7277
v  -1.5039 101.3704 -9.7744
v  -1.4379 101.3134 -9.8313
v  -1.3888 101.2485 -9.8963
v  -1.3585 101.1780 -9.9668
v  -1.3585 121.0969 -30.1787
v  -1.3483 121.1702 -30.1055
v  -1.3888 121.0264 -30.2492
v  -1.4379 120.9615 -30.3142
v  -1.5039 120.9045 -30.3711
v  -1.5844 120.8578 -30.4178
v  -1.6763 120.8231 -30.4525
v  -1.7759 120.8017 -30.4739
v  -1.8796 120.7945 -30.4811
v  -1.9832 120.8017 -30.4739
v  -2.0829 120.8231 -30.4525
v  -2.1747 120.8578 -30.4178
v  -2.2552 120.9045 -30.3711
v  -2.3213 120.9615 -30.3142
v  -2.3704 121.0264 -30.2492
v  -2.4006 121.0969 -30.1787
v  -2.4108 121.1702 -30.1055
v  -2.4006 121.2434 -30.0322
v  -2.3704 121.3139 -29.9617
v  -2.3213 121.3789 -29.8968
v  -2.2552 121.4358 -29.8398
v  -2.1747 121.4825 -29.7931
v  -2.0829 121.5172 -29.7584
v  -1.9832 121.5386 -29.7370
v  -1.8796 121.5458 -29.7298
v  -1.7759 121.5386 -29.7370
v  -1.6763 121.5172 -29.7584
v  -1.5844 121.4825 -29.7931
v  -1.5039 121.4358 -29.8398
v  -1.4379 121.3789 -29.8968
v  -1.3888 121.3139 -29.9617
v  -1.3585 121.2434 -30.0322
v  -1.5679 123.1852 -31.0564
v  -1.7207 123.2179 -31.0236
v  -1.7215 121.8495 -29.6611
v  -1.5695 121.8169 -29.6937
v  -1.8796 123.2290 -31.0125
v  -1.8796 121.8605 -29.6501
v  -2.0385 123.2179 -31.0236
v  -2.0377 121.8495 -29.6611
v  -2.1913 123.1852 -31.0564
v  -2.1896 121.8169 -29.6937
v  -2.3321 123.1319 -31.1096
v  -2.3297 121.7640 -29.7466
v  -2.4555 123.0603 -31.1812
v  -2.4525 121.6928 -29.8179
v  -2.5568 122.9731 -31.2685
v  -2.5532 121.6059 -29.9047
v  -2.6320 122.8735 -31.3680
v  -2.6281 121.5069 -30.0037
v  -2.6784 122.7654 -31.4761
v  -2.6742 121.3994 -30.1112
v  -2.6940 122.6531 -31.5884
v  -2.6898 121.2877 -30.2230
v  -2.6784 122.5407 -31.7008
v  -2.6742 121.1759 -30.3347
v  -2.6320 122.4327 -31.8088
v  -2.6281 121.0684 -30.4422
v  -2.5568 122.3331 -31.9084
v  -2.5532 120.9694 -30.5412
v  -2.4555 122.2459 -31.9956
v  -2.4525 120.8826 -30.6281
v  -2.3321 122.1743 -32.0672
v  -2.3297 120.8113 -30.6993
v  -2.1913 122.1210 -32.1205
v  -2.1896 120.7584 -30.7523
v  -2.0385 122.0883 -32.1532
v  -2.0377 120.7258 -30.7848
v  -1.8796 122.0772 -32.1643
v  -1.8796 120.7148 -30.7959
v  -1.7207 122.0883 -32.1532
v  -1.7215 120.7258 -30.7848
v  -1.5679 122.1210 -32.1205
v  -1.5695 120.7584 -30.7522
v  -1.4271 122.1743 -32.0672
v  -1.4295 120.8113 -30.6993
v  -1.3037 122.2459 -31.9956
v  -1.3067 120.8826 -30.6281
v  -1.2024 122.3331 -31.9084
v  -1.2059 120.9694 -30.5412
v  -1.1271 122.4327 -31.8088
v  -1.1311 121.0684 -30.4422
v  -1.0808 122.5408 -31.7008
v  -1.0850 121.1759 -30.3347
v  -1.0651 122.6531 -31.5884
v  -1.0694 121.2877 -30.2230
v  -1.0808 122.7654 -31.4761
v  -1.0850 121.3994 -30.1112
v  -1.1271 122.8735 -31.3680
v  -1.1311 121.5069 -30.0037
v  -1.2024 122.9730 -31.2685
v  -1.2059 121.6059 -29.9047
v  -1.3037 123.0603 -31.1812
v  -1.3067 121.6928 -29.8179
v  -1.4271 123.1319 -31.1096
v  -1.4295 121.7640 -29.7466
v  -1.3439 122.8020 -31.7373
v  -1.1927 122.7740 -31.7093
v  -1.2059 122.6792 -31.8041
v  -1.3542 122.7281 -31.8112
v  -1.3542 122.8759 -31.6634
v  -1.2059 122.8687 -31.6145
v  -1.3847 122.9469 -31.5923
v  -1.2450 122.9599 -31.5234
v  -1.4342 123.0124 -31.5268
v  -1.3084 123.0438 -31.4394
v  -1.5008 123.0698 -31.4694
v  -1.3939 123.1174 -31.3658
v  -1.5820 123.1169 -31.4223
v  -1.4980 123.1778 -31.3054
v  -1.6746 123.1519 -31.3873
v  -1.6167 123.2227 -31.2605
v  -1.7751 123.1735 -31.3658
v  -1.7456 123.2504 -31.2329
v  -1.8796 123.1808 -31.3585
v  -1.8796 123.2597 -31.2236
v  -1.9841 123.1735 -31.3658
v  -2.0136 123.2504 -31.2329
v  -2.0846 123.1519 -31.3873
v  -2.1425 123.2227 -31.2605
v  -2.1772 123.1169 -31.4223
v  -2.2612 123.1778 -31.3054
v  -2.2584 123.0698 -31.4694
v  -2.3653 123.1174 -31.3658
v  -2.3250 123.0124 -31.5268
v  -2.4507 123.0438 -31.4394
v  -2.3745 122.9469 -31.5923
v  -2.5142 122.9599 -31.5234
v  -2.4050 122.8759 -31.6634
v  -2.5533 122.8687 -31.6145
v  -2.4153 122.8020 -31.7373
v  -2.5665 122.7740 -31.7093
v  -2.4050 122.7281 -31.8112
v  -2.5533 122.6792 -31.8041
v  -2.3745 122.6570 -31.8822
v  -2.5142 122.5881 -31.8952
v  -2.3250 122.5915 -31.9477
v  -2.4507 122.5041 -31.9791
v  -2.2584 122.5341 -32.0051
v  -2.3653 122.4305 -32.0527
v  -2.1772 122.4870 -32.0522
v  -2.2612 122.3701 -32.1132
v  -2.0846 122.4520 -32.0872
v  -2.1425 122.3252 -32.1580
v  -1.9841 122.4305 -32.1088
v  -2.0136 122.2976 -32.1857
v  -1.8796 122.4232 -32.1161
v  -1.8796 122.2882 -32.1950
v  -1.7751 122.4305 -32.1088
v  -1.7456 122.2976 -32.1857
v  -1.6746 122.4520 -32.0872
v  -1.6167 122.3252 -32.1580
v  -1.5820 122.4870 -32.0522
v  -1.4980 122.3701 -32.1132
v  -1.5008 122.5341 -32.0051
v  -1.3939 122.4305 -32.0527
v  -1.4342 122.5915 -31.9477
v  -1.3084 122.5041 -31.9791
v  -1.3847 122.6570 -31.8822
v  -1.2450 122.5881 -31.8952
v  -1.1575 121.1019 -30.2403
v  -1.1433 121.2034 -30.1387
v  -1.1994 121.0042 -30.3380
v  -1.2674 120.9142 -30.4280
v  -1.3590 120.8353 -30.5069
v  -1.4705 120.7706 -30.5716
v  -1.5978 120.7225 -30.6197
v  -1.7360 120.6928 -30.6494
v  -1.8796 120.6828 -30.6594
v  -2.0232 120.6928 -30.6494
v  -2.1613 120.7225 -30.6197
v  -2.2886 120.7706 -30.5716
v  -2.4002 120.8353 -30.5069
v  -2.4918 120.9142 -30.4280
v  -2.5598 121.0042 -30.3380
v  -2.6017 121.1019 -30.2403
v  -2.6158 121.2034 -30.1387
v  -2.6017 121.3050 -30.0372
v  -2.5598 121.4027 -29.9395
v  -2.4918 121.4927 -29.8495
v  -2.4002 121.5716 -29.7706
v  -2.2886 121.6363 -29.7059
v  -2.1613 121.6844 -29.6578
v  -2.0232 121.7141 -29.6281
v  -1.8796 121.7240 -29.6181
v  -1.7360 121.7141 -29.6281
v  -1.5978 121.6844 -29.6578
v  -1.4705 121.6363 -29.7059
v  -1.3590 121.5716 -29.7706
v  -1.2674 121.4927 -29.8495
v  -1.1994 121.4027 -29.9395
v  -1.1575 121.3050 -30.0372
v  -1.1531 122.6352 -31.7748
v  -1.1389 122.7373 -31.6727
v  -1.1531 122.8395 -31.5705
v  -1.1953 122.9378 -31.4722
v  -1.2637 123.0283 -31.3817
v  -1.3558 123.1077 -31.3023
v  -1.4681 123.1728 -31.2372
v  -1.5961 123.2212 -31.1888
v  -1.7351 123.2510 -31.1590
v  -1.8796 123.2611 -31.1489
v  -2.0241 123.2510 -31.1590
v  -2.1630 123.2212 -31.1888
v  -2.2911 123.1728 -31.2372
v  -2.4033 123.1077 -31.3023
v  -2.4954 123.0283 -31.3817
v  -2.5639 122.9378 -31.4722
v  -2.6060 122.8395 -31.5705
v  -2.6203 122.7373 -31.6727
v  -2.6060 122.6352 -31.7748
v  -2.5639 122.5369 -31.8731
v  -2.4954 122.4464 -31.9636
v  -2.4033 122.3670 -32.0430
v  -2.2911 122.3019 -32.1081
v  -2.1630 122.2535 -32.1565
v  -2.0241 122.2237 -32.1863
v  -1.8796 122.2136 -32.1964
v  -1.7351 122.2237 -32.1863
v  -1.5961 122.2535 -32.1565
v  -1.4681 122.3019 -32.1081
v  -1.3558 122.3670 -32.0430
v  -1.2637 122.4464 -31.9636
v  -1.1953 122.5369 -31.8731
v  -2.0690 123.1253 -31.4140
v  -2.0500 123.0929 -31.4463
v  -2.0245 123.0494 -31.4898
v  -1.9935 122.9964 -31.5429
v  -1.9580 122.9359 -31.6034
v  -1.9196 122.8702 -31.6690
v  -1.8796 122.8020 -31.7373
v  -1.8396 122.7337 -31.8056
v  -1.8011 122.6680 -31.8712
v  -1.7657 122.6075 -31.9317
v  -1.7346 122.5545 -31.9847
v  -1.7091 122.5110 -32.0283
v  -1.6902 122.4787 -32.0606
v  -1.4747 65.3052 25.7595
v  -2.2845 65.3052 25.7595
v  -2.4674 65.9295 26.3793
v  -1.2918 65.9295 26.3793
v  -1.2918 64.6859 25.1348
v  -2.4674 64.6859 25.1348
v  -1.2918 65.3077 25.7570
v  -2.4674 65.3077 25.7570
v  -2.4674 67.8908 23.1739
v  -1.2918 67.8908 23.1739
v  -1.1315 67.8908 23.1739
v  -0.9999 67.8908 23.1739
v  -0.9021 67.8908 23.1739
v  -2.8570 67.8908 23.1739
v  -2.7593 67.8908 23.1739
v  -2.6277 67.8908 23.1739
v  -23.0050 21.4146 43.9253
v  -7.5163 28.6370 43.0685
v  -6.4224 29.2536 43.0057
v  -5.5845 29.9635 42.9526
v  -5.0027 30.7667 42.9091
v  -4.6770 31.6634 42.8753
v  -4.6073 32.6535 42.8512
v  -4.7938 33.7369 42.8367
v  -5.2363 34.9137 42.8319
v  -12.2667 38.8242 43.0685
v  -5.9929 36.5362 42.8318
v  -6.6099 37.6316 42.8367
v  -7.3200 38.4709 42.8512
v  -8.1232 39.0539 42.8753
v  -9.0195 39.3808 42.9091
v  -10.0088 39.4514 42.9526
v  -11.0912 39.2659 43.0057
v  -27.7553 31.6017 43.9253
v  -37.2321 27.1826 42.5918
v  -32.4818 16.9954 42.5918
v  -41.0363 13.0064 -19.2133
v  -40.5372 13.2391 32.6032
v  -45.2876 23.4263 32.6032
v  -45.7867 23.1935 -19.2133
v  -39.5918 26.0822 42.0169
v  -34.8415 15.8951 42.0169
v  -41.6008 25.1454 40.9898
v  -36.8505 14.9583 40.9898
v  -43.2006 24.3994 39.5029
v  -38.4502 14.2123 39.5029
v  -44.3531 23.8620 37.5770
v  -39.6027 13.6749 37.5770
v  -45.0442 23.5397 35.2560
v  -40.2939 13.3526 35.2560
v  -27.7554 31.6017 -82.1926
v  -12.2667 38.8242 -81.3358
v  -11.0912 39.2659 -81.2730
v  -10.0088 39.4514 -81.2199
v  -9.0195 39.3808 -81.1764
v  -8.1233 39.0539 -81.1426
v  -7.3201 38.4709 -81.1185
v  -6.6099 37.6317 -81.1040
v  -5.9929 36.5363 -81.0992
v  -23.0050 21.4146 -82.1926
v  -5.2363 34.9137 -81.0992
v  -4.7938 33.7369 -81.1040
v  -4.6074 32.6535 -81.1185
v  -4.6770 31.6634 -81.1426
v  -5.0027 30.7668 -81.1764
v  -5.5845 29.9635 -81.2199
v  -6.4224 29.2536 -81.2730
v  -7.5163 28.6371 -81.3358
v  -37.2322 27.1826 -80.8591
v  -32.4818 16.9955 -80.8591
v  -45.2876 23.4263 -70.8705
v  -40.5372 13.2392 -70.8705
v  -34.8415 15.8951 -80.2842
v  -39.5919 26.0822 -80.2842
v  -36.8505 14.9583 -79.2571
v  -41.6008 25.1455 -79.2571
v  -38.4502 14.2123 -77.7703
v  -43.2006 24.3995 -77.7703
v  -39.6027 13.6749 -75.8443
v  -44.3531 23.8620 -75.8443
v  -40.2939 13.3526 -73.5233
v  -45.0442 23.5397 -73.5233
v  -6.0311 36.5184 41.9929
v  -5.2745 34.8959 41.9929
v  -4.8320 33.7191 41.9978
v  -4.6456 32.6356 42.0123
v  -4.7152 31.6456 42.0365
v  -5.0409 30.7489 42.0704
v  -5.6227 29.9456 42.1140
v  -6.4606 29.2357 42.1673
v  -7.5545 28.6192 42.2302
v  -22.9758 21.4282 43.0859
v  -27.7261 31.6153 43.0859
v  -6.6482 37.6138 41.9978
v  -7.3583 38.4530 42.0123
v  -8.1615 39.0361 42.0365
v  -9.0577 39.3629 42.0704
v  -10.0470 39.4336 42.1140
v  -11.1294 39.2481 42.1673
v  -12.3049 38.8063 42.2302
v  -32.3519 17.0560 41.7641
v  -37.1023 27.2431 41.7641
v  -44.5274 23.7807 32.5570
v  -39.7771 13.5936 32.5570
v  -40.2750 13.3614 -19.2133
v  -45.0254 23.5485 -19.2133
v  -34.5989 16.0082 41.2207
v  -39.3492 26.1954 41.2207
v  -36.4421 15.1487 40.2808
v  -41.1924 25.3359 40.2808
v  -37.8815 14.4775 38.9445
v  -42.6318 24.6646 38.9445
v  -38.9171 13.9946 37.2118
v  -43.6675 24.1817 37.2118
v  -39.5490 13.7000 35.0826
v  -44.2993 23.8871 35.0826
v  -12.3049 38.8064 -80.4975
v  -27.7261 31.6153 -81.3532
v  -22.9758 21.4282 -81.3532
v  -5.2745 34.8959 -80.2602
v  -7.5545 28.6193 -80.4975
v  -6.4606 29.2358 -80.4346
v  -5.6227 29.9457 -80.3813
v  -5.0409 30.7489 -80.3377
v  -4.7152 31.6456 -80.3038
v  -4.6456 32.6356 -80.2796
v  -4.8320 33.7191 -80.2651
v  -11.1294 39.2481 -80.4346
v  -10.0470 39.4336 -80.3813
v  -9.0577 39.3630 -80.3377
v  -8.1615 39.0361 -80.3038
v  -7.3583 38.4531 -80.2796
v  -6.6482 37.6138 -80.2651
v  -6.0311 36.5184 -80.2602
v  -37.1023 27.2431 -80.0314
v  -32.3520 17.0560 -80.0314
v  -44.5274 23.7807 -70.8244
v  -39.7771 13.5936 -70.8244
v  -34.5989 16.0083 -79.4880
v  -39.3492 26.1954 -79.4880
v  -36.4421 15.1488 -78.5481
v  -41.1924 25.3359 -78.5481
v  -37.8815 14.4775 -77.2119
v  -42.6318 24.6647 -77.2119
v  -38.9171 13.9946 -75.4791
v  -43.6675 24.1817 -75.4791
v  -39.5490 13.7000 -73.3500
v  -44.2993 23.8871 -73.3500
v  -1.2535 68.2779 24.7467
v  -1.2535 68.2447 25.0840
v  -1.2054 68.2447 25.0775
v  -1.1591 68.2447 25.0584
v  -1.1164 68.2447 25.0272
v  -1.0790 68.2447 24.9852
v  -1.0483 68.2447 24.9341
v  -1.0254 68.2447 24.8758
v  -1.0114 68.2447 24.8125
v  -1.0066 68.2447 24.7467
v  -1.0114 68.2447 24.6809
v  -1.0254 68.2447 24.6177
v  -1.0483 68.2447 24.5594
v  -1.0790 68.2447 24.5083
v  -1.1164 68.2447 24.4663
v  -1.1591 68.2447 24.4351
v  -1.2054 68.2447 24.4160
v  -1.2535 68.2447 24.4095
v  -1.1591 68.1463 25.3956
v  -1.2535 68.1463 25.4083
v  -1.0682 68.1463 25.3580
v  -0.9845 68.1463 25.2968
v  -0.9111 68.1463 25.2146
v  -0.8509 68.1463 25.1143
v  -0.8061 68.1463 24.9999
v  -0.7785 68.1463 24.8758
v  -0.7692 68.1463 24.7467
v  -0.7785 68.1463 24.6177
v  -0.8061 68.1463 24.4936
v  -0.8509 68.1463 24.3792
v  -0.9111 68.1463 24.2789
v  -0.9845 68.1463 24.1967
v  -1.0682 68.1463 24.1355
v  -1.1591 68.1463 24.0979
v  -1.2535 68.1463 24.0852
v  -1.1164 67.9866 25.6888
v  -1.2535 67.9866 25.7072
v  -0.9845 67.9866 25.6341
v  -0.8629 67.9866 25.5454
v  -0.7564 67.9866 25.4259
v  -0.6689 67.9866 25.2804
v  -0.6040 67.9866 25.1143
v  -0.5640 67.9866 24.9341
v  -0.5504 67.9866 24.7467
v  -0.5640 67.9866 24.5594
v  -0.6040 67.9866 24.3792
v  -0.6689 67.9866 24.2131
v  -0.7564 67.9866 24.0676
v  -0.8629 67.9866 23.9481
v  -0.9845 67.9866 23.8594
v  -1.1164 67.9866 23.8047
v  -1.2535 67.9866 23.7863
v  -1.0790 67.7716 25.9457
v  -1.2535 67.7716 25.9692
v  -0.9111 67.7716 25.8762
v  -0.7564 67.7716 25.7632
v  -0.6208 67.7716 25.6112
v  -0.5095 67.7716 25.4259
v  -0.4268 67.7716 25.2146
v  -0.3759 67.7716 24.9852
v  -0.3587 67.7716 24.7467
v  -0.3759 67.7716 24.5083
v  -0.4268 67.7716 24.2789
v  -0.5095 67.7716 24.0676
v  -0.6208 67.7716 23.8823
v  -0.7564 67.7716 23.7303
v  -0.9111 67.7716 23.6173
v  -1.0790 67.7716 23.5478
v  -1.2535 67.7716 23.5243
v  -1.0483 67.5096 26.1566
v  -1.2535 67.5096 26.1842
v  -0.8509 67.5096 26.0748
v  -0.6689 67.5096 25.9420
v  -0.5095 67.5096 25.7632
v  -0.3786 67.5096 25.5454
v  -0.2814 67.5096 25.2968
v  -0.2215 67.5096 25.0272
v  -0.2013 67.5096 24.7467
v  -0.2215 67.5096 24.4663
v  -0.2814 67.5096 24.1966
v  -0.3786 67.5096 23.9481
v  -0.5095 67.5096 23.7303
v  -0.6689 67.5096 23.5515
v  -0.8509 67.5096 23.4187
v  -1.0483 67.5096 23.3369
v  -1.2535 67.5096 23.3093
v  -1.0254 67.2107 26.3133
v  -1.2535 67.2107 26.3440
v  -0.8061 67.2107 26.2224
v  -0.6040 67.2107 26.0748
v  -0.4268 67.2107 25.8762
v  -0.2814 67.2107 25.6341
v  -0.1733 67.2107 25.3580
v  -0.1068 67.2107 25.0583
v  -0.0843 67.2107 24.7467
v  -0.1068 67.2107 24.4351
v  -0.1733 67.2107 24.1355
v  -0.2814 67.2107 23.8594
v  -0.4268 67.2107 23.6173
v  -0.6040 67.2107 23.4187
v  -0.8061 67.2107 23.2711
v  -1.0254 67.2107 23.1802
v  -1.2535 67.2107 23.1495
v  -1.0114 66.8864 26.4098
v  -1.2535 66.8864 26.4424
v  -0.7785 66.8864 26.3133
v  -0.5640 66.8864 26.1566
v  -0.3759 66.8864 25.9457
v  -0.2215 66.8864 25.6888
v  -0.1068 66.8864 25.3956
v  -0.0362 66.8864 25.0775
v  -0.0123 66.8864 24.7467
v  -0.0362 66.8864 24.4159
v  -0.1068 66.8864 24.0979
v  -0.2215 66.8864 23.8047
v  -0.3759 66.8864 23.5478
v  -0.5640 66.8864 23.3369
v  -0.7785 66.8864 23.1802
v  -1.0114 66.8864 23.0837
v  -1.2535 66.8864 23.0511
v  -1.0066 66.5491 26.4424
v  -1.2535 66.5491 26.4756
v  -0.7692 66.5491 26.3440
v  -0.5504 66.5491 26.1842
v  -0.3587 66.5491 25.9692
v  -0.2013 66.5491 25.7072
v  -0.0843 66.5491 25.4083
v  -0.0123 66.5491 25.0840
v  0.0120 66.5491 24.7467
v  -0.0123 66.5491 24.4095
v  -0.0843 66.5491 24.0852
v  -0.2013 66.5491 23.7863
v  -0.3587 66.5491 23.5243
v  -0.5504 66.5491 23.3093
v  -0.7692 66.5491 23.1495
v  -1.0066 66.5491 23.0511
v  -1.2535 66.5491 23.0179
v  -1.2535 66.2457 26.4756
v  -1.0066 66.2457 26.4424
v  -0.7692 66.2457 26.3440
v  -0.5504 66.2457 26.1842
v  -0.3587 66.2457 25.9692
v  -0.2013 66.2457 25.7072
v  -0.0843 66.2457 25.4083
v  -0.0123 66.2457 25.0840
v  0.0120 66.2457 24.7467
v  -0.0123 66.2457 24.4095
v  -0.0843 66.2457 24.0852
v  -0.2013 66.2457 23.7863
v  -0.3587 66.2457 23.5243
v  -0.5504 66.2457 23.3093
v  -0.7692 66.2457 23.1495
v  -1.0066 66.2457 23.0511
v  -1.2535 66.2457 23.0179
v  -1.2535 65.7321 26.4756
v  -1.0066 65.7321 26.4424
v  -0.7692 65.7321 26.3440
v  -0.5504 65.7321 26.1842
v  -0.3587 65.7321 25.9692
v  -0.2013 65.7321 25.7072
v  -0.0843 65.7321 25.4083
v  -0.0123 65.7321 25.0840
v  0.0120 65.7321 24.7467
v  -0.0123 65.7321 24.4095
v  -0.0843 65.7321 24.0852
v  -0.2013 65.7321 23.7863
v  -0.3587 65.7321 23.5243
v  -0.5504 65.7321 23.3093
v  -0.7692 65.7321 23.1495
v  -1.0066 65.7321 23.0511
v  -1.2535 65.7321 23.0179
v  -2.4617 68.2779 24.7467
v  -2.5098 68.2447 25.0775
v  -2.4617 68.2447 25.0840
v  -2.5561 68.2447 25.0584
v  -2.5988 68.2447 25.0272
v  -2.6362 68.2447 24.9852
v  -2.6669 68.2447 24.9341
v  -2.6898 68.2447 24.8758
v  -2.7038 68.2447 24.8125
v  -2.7086 68.2447 24.7467
v  -2.7038 68.2447 24.6809
v  -2.6898 68.2447 24.6177
v  -2.6669 68.2447 24.5594
v  -2.6362 68.2447 24.5083
v  -2.5988 68.2447 24.4663
v  -2.5561 68.2447 24.4351
v  -2.5098 68.2447 24.4160
v  -2.4617 68.2447 24.4095
v  -2.5561 68.1463 25.3956
v  -2.4617 68.1463 25.4083
v  -2.6470 68.1463 25.3580
v  -2.7307 68.1463 25.2968
v  -2.8041 68.1463 25.2146
v  -2.8643 68.1463 25.1143
v  -2.9091 68.1463 24.9999
v  -2.9367 68.1463 24.8758
v  -2.9460 68.1463 24.7467
v  -2.9367 68.1463 24.6177
v  -2.9091 68.1463 24.4936
v  -2.8643 68.1463 24.3792
v  -2.8041 68.1463 24.2789
v  -2.7307 68.1463 24.1967
v  -2.6470 68.1463 24.1355
v  -2.5561 68.1463 24.0979
v  -2.4617 68.1463 24.0852
v  -2.5988 67.9866 25.6888
v  -2.4617 67.9866 25.7072
v  -2.7307 67.9866 25.6341
v  -2.8523 67.9866 25.5454
v  -2.9588 67.9866 25.4259
v  -3.0463 67.9866 25.2804
v  -3.1112 67.9866 25.1143
v  -3.1512 67.9866 24.9341
v  -3.1648 67.9866 24.7467
v  -3.1512 67.9866 24.5594
v  -3.1112 67.9866 24.3792
v  -3.0463 67.9866 24.2131
v  -2.9588 67.9866 24.0676
v  -2.8523 67.9866 23.9481
v  -2.7307 67.9866 23.8594
v  -2.5988 67.9866 23.8047
v  -2.4617 67.9866 23.7863
v  -2.6362 67.7716 25.9457
v  -2.4617 67.7716 25.9692
v  -2.8041 67.7716 25.8762
v  -2.9588 67.7716 25.7632
v  -3.0944 67.7716 25.6112
v  -3.2057 67.7716 25.4259
v  -3.2884 67.7716 25.2146
v  -3.3393 67.7716 24.9852
v  -3.3565 67.7716 24.7467
v  -3.3393 67.7716 24.5083
v  -3.2884 67.7716 24.2789
v  -3.2057 67.7716 24.0676
v  -3.0944 67.7716 23.8823
v  -2.9588 67.7716 23.7303
v  -2.8041 67.7716 23.6173
v  -2.6362 67.7716 23.5478
v  -2.4617 67.7716 23.5243
v  -2.6669 67.5096 26.1566
v  -2.4617 67.5096 26.1842
v  -2.8643 67.5096 26.0748
v  -3.0463 67.5096 25.9420
v  -3.2057 67.5096 25.7632
v  -3.3366 67.5096 25.5454
v  -3.4338 67.5096 25.2968
v  -3.4937 67.5096 25.0272
v  -3.5139 67.5096 24.7467
v  -3.4937 67.5096 24.4663
v  -3.4338 67.5096 24.1966
v  -3.3366 67.5096 23.9481
v  -3.2057 67.5096 23.7303
v  -3.0463 67.5096 23.5515
v  -2.8643 67.5096 23.4187
v  -2.6669 67.5096 23.3369
v  -2.4617 67.5096 23.3093
v  -2.6898 67.2107 26.3133
v  -2.4617 67.2107 26.3440
v  -2.9091 67.2107 26.2224
v  -3.1112 67.2107 26.0748
v  -3.2884 67.2107 25.8762
v  -3.4338 67.2107 25.6341
v  -3.5419 67.2107 25.3580
v  -3.6084 67.2107 25.0583
v  -3.6309 67.2107 24.7467
v  -3.6084 67.2107 24.4351
v  -3.5419 67.2107 24.1355
v  -3.4338 67.2107 23.8594
v  -3.2884 67.2107 23.6173
v  -3.1112 67.2107 23.4187
v  -2.9091 67.2107 23.2711
v  -2.6898 67.2107 23.1802
v  -2.4617 67.2107 23.1495
v  -2.7038 66.8864 26.4098
v  -2.4617 66.8864 26.4424
v  -2.9367 66.8864 26.3133
v  -3.1512 66.8864 26.1566
v  -3.3393 66.8864 25.9457
v  -3.4937 66.8864 25.6888
v  -3.6084 66.8864 25.3956
v  -3.6790 66.8864 25.0775
v  -3.7029 66.8864 24.7467
v  -3.6790 66.8864 24.4159
v  -3.6084 66.8864 24.0979
v  -3.4937 66.8864 23.8047
v  -3.3393 66.8864 23.5478
v  -3.1512 66.8864 23.3369
v  -2.9367 66.8864 23.1802
v  -2.7038 66.8864 23.0837
v  -2.4617 66.8864 23.0511
v  -2.7086 66.5491 26.4424
v  -2.4617 66.5491 26.4756
v  -2.9460 66.5491 26.3440
v  -3.1648 66.5491 26.1842
v  -3.3565 66.5491 25.9692
v  -3.5139 66.5491 25.7072
v  -3.6309 66.5491 25.4083
v  -3.7029 66.5491 25.0840
v  -3.7272 66.5491 24.7467
v  -3.7029 66.5491 24.4095
v  -3.6309 66.5491 24.0852
v  -3.5139 66.5491 23.7863
v  -3.3565 66.5491 23.5243
v  -3.1648 66.5491 23.3093
v  -2.9460 66.5491 23.1495
v  -2.7086 66.5491 23.0511
v  -2.4617 66.5491 23.0179
v  -2.7086 66.2457 26.4424
v  -2.4617 66.2457 26.4756
v  -2.9460 66.2457 26.3440
v  -3.1648 66.2457 26.1842
v  -3.3565 66.2457 25.9692
v  -3.5139 66.2457 25.7072
v  -3.6309 66.2457 25.4083
v  -3.7029 66.2457 25.0840
v  -3.7272 66.2457 24.7467
v  -3.7029 66.2457 24.4095
v  -3.6309 66.2457 24.0852
v  -3.5139 66.2457 23.7863
v  -3.3565 66.2457 23.5243
v  -3.1648 66.2457 23.3093
v  -2.9460 66.2457 23.1495
v  -2.7086 66.2457 23.0511
v  -2.4617 66.2457 23.0179
v  -2.4617 65.7321 26.4756
v  -2.7086 65.7321 26.4424
v  -2.9460 65.7321 26.3440
v  -3.1648 65.7321 26.1842
v  -3.3565 65.7321 25.9692
v  -3.5139 65.7321 25.7072
v  -3.6309 65.7321 25.4083
v  -3.7029 65.7321 25.0840
v  -3.7272 65.7321 24.7467
v  -3.7029 65.7321 24.4095
v  -3.6309 65.7321 24.0852
v  -3.5139 65.7321 23.7863
v  -3.3565 65.7321 23.5243
v  -3.1648 65.7321 23.3093
v  -2.9460 65.7321 23.1495
v  -2.7086 65.7321 23.0511
v  -2.4617 65.7321 23.0179
v  -2.4617 66.2457 24.7467
v  -2.4617 65.7321 24.7467
v  -2.4617 66.5491 24.7467
v  -2.4617 68.1463 24.7467
v  -2.4617 67.9866 24.7467
v  -2.4617 67.7716 24.7467
v  -2.4617 67.5096 24.7467
v  -2.4617 67.2107 24.7467
v  -2.4617 66.8864 24.7467
v  -1.2535 66.2457 24.7467
v  -1.2535 65.7321 24.7467
v  -1.2535 66.5491 24.7467
v  -1.2535 68.1463 24.7467
v  -1.2535 67.9866 24.7467
v  -1.2535 67.7716 24.7467
v  -1.2535 67.5096 24.7467
v  -1.2535 67.2107 24.7467
v  -1.2535 66.8864 24.7467
v  -1.2535 63.6142 26.4756
v  -1.0066 63.6142 26.4424
v  -0.7692 63.6142 26.3440
v  -0.5504 63.6142 26.1842
v  -0.3587 63.6142 25.9692
v  -0.2013 63.6142 25.7072
v  -0.0843 63.6142 25.4083
v  -0.0123 63.6142 25.0840
v  0.0120 63.6142 24.7467
v  -0.0123 63.6142 24.4095
v  -0.0843 63.6142 24.0852
v  -0.2013 63.6142 23.7863
v  -0.3587 63.6142 23.5243
v  -0.5504 63.6142 23.3093
v  -0.7692 63.6142 23.1495
v  -1.0066 63.6142 23.0511
v  -1.2535 63.6142 23.0179
v  -2.7086 63.6142 26.4424
v  -2.4617 63.6142 26.4756
v  -2.9460 63.6142 26.3440
v  -3.1648 63.6142 26.1842
v  -3.3565 63.6142 25.9692
v  -3.5139 63.6142 25.7072
v  -3.6309 63.6142 25.4083
v  -3.7029 63.6142 25.0840
v  -3.7272 63.6142 24.7467
v  -3.7029 63.6142 24.4095
v  -3.6309 63.6142 24.0852
v  -3.5139 63.6142 23.7863
v  -3.3565 63.6142 23.5243
v  -3.1648 63.6142 23.3093
v  -2.9460 63.6142 23.1495
v  -2.7086 63.6142 23.0511
v  -2.4617 63.6142 23.0179
v  -2.4617 63.6142 24.7467
v  -1.2535 63.6142 24.7467
v  0.5475 61.7112 23.9152
v  0.5475 62.2691 23.9151
v  0.6997 62.2691 24.7781
v  0.6997 61.7112 24.7781
v  0.1094 61.7112 23.1563
v  0.1094 62.2691 23.1563
v  -0.5619 61.7112 22.5930
v  -0.5619 62.2691 22.5930
v  -1.3854 61.7112 22.2933
v  -1.3854 62.2691 22.2933
v  -2.2616 61.7112 22.2933
v  -2.2616 62.2691 22.2933
v  -3.0851 61.7112 22.5930
v  -3.0851 62.2691 22.5930
v  -3.7563 61.7112 23.1563
v  -3.7563 62.2691 23.1563
v  -4.1945 61.7112 23.9151
v  -4.1945 62.2691 23.9151
v  -4.3466 61.7112 24.7781
v  -4.3466 62.2691 24.7781
v  -4.1945 61.7112 25.6411
v  -4.1945 62.2691 25.6411
v  -3.7563 61.7112 26.4000
v  -3.7563 62.2691 26.4000
v  -3.0851 61.7112 26.9632
v  -3.0851 62.2691 26.9632
v  -2.2616 61.7112 27.2629
v  -2.2616 62.2691 27.2629
v  -1.3854 61.7112 27.2629
v  -1.3854 62.2691 27.2629
v  -0.5619 61.7112 26.9632
v  -0.5619 62.2691 26.9632
v  0.1094 61.7112 26.4000
v  0.1094 62.2691 26.4000
v  0.5475 61.7112 25.6411
v  0.5475 62.2691 25.6411
v  0.2402 63.9676 24.0270
v  -0.1411 63.9676 23.3665
v  -0.7254 63.9676 22.8762
v  0.2402 63.9676 25.5293
v  -1.4421 63.9676 22.6153
v  -2.2049 63.9676 22.6153
v  -3.5058 63.9676 23.3665
v  -2.9216 63.9676 22.8762
v  -3.8872 63.9676 24.0270
v  -4.0196 63.9676 24.7781
v  -3.5058 63.9676 26.1898
v  -3.8872 63.9676 25.5293
v  -2.9216 63.9676 26.6800
v  -2.2049 63.9676 26.9409
v  -0.7254 63.9676 26.6800
v  -1.4421 63.9676 26.9409
v  -0.1411 63.9676 26.1898
v  0.3727 63.9676 24.7781
v  0.3727 62.3960 24.7781
v  0.2402 62.3960 24.0270
v  -0.1411 62.3960 23.3665
v  -0.7254 62.3960 22.8762
v  -1.4421 62.3960 22.6153
v  -2.2049 62.3960 22.6153
v  -2.9216 62.3960 22.8762
v  -3.5058 62.3960 23.3665
v  -3.8872 62.3960 24.0270
v  -4.0196 62.3960 24.7781
v  -3.8872 62.3960 25.5293
v  -3.5058 62.3960 26.1898
v  -2.9216 62.3960 26.6800
v  -2.2049 62.3960 26.9409
v  -1.4421 62.3960 26.9409
v  -0.7254 62.3960 26.6800
v  -0.1411 62.3960 26.1898
v  0.2402 62.3960 25.5293
# 1087 vertices

vn 0.2903 -0.6767 -0.6767
vn 0.1945 -0.6936 -0.6936
vn 0.1951 -0.6935 -0.6935
vn 0.3522 -0.6618 -0.6618
vn 0.0000 -0.7071 -0.7071
vn -0.0000 -0.7071 -0.7071
vn -0.1945 -0.6936 -0.6936
vn -0.1951 -0.6935 -0.6935
vn -0.3817 -0.6536 -0.6536
vn -0.3827 -0.6533 -0.6533
vn -0.3817 0.6536 0.6536
vn -0.1946 0.6936 0.6936
vn -0.1951 0.6935 0.6935
vn -0.3827 0.6533 0.6533
vn 0.0000 0.7071 0.7071
vn 0.1946 0.6936 0.6936
vn 0.1951 0.6935 0.6935
vn 0.3817 0.6536 0.6536
vn 0.3827 0.6533 0.6533
vn 1.0000 -0.0000 -0.0000
vn 0.9808 -0.1379 -0.1379
vn 0.9239 -0.2706 -0.2706
vn 0.8315 -0.3928 -0.3928
vn 0.7071 -0.5000 -0.5000
vn 0.5556 -0.5879 -0.5879
vn 0.3827 -0.6533 -0.6533
vn -0.5280 -0.6005 -0.6005
vn -0.5556 -0.5879 -0.5879
vn -0.7071 -0.5000 -0.5000
vn -0.8315 -0.3928 -0.3928
vn -0.9239 -0.2706 -0.2706
vn -0.9808 -0.1379 -0.1379
vn -1.0000 0.0000 0.0000
vn -0.9808 0.1380 0.1380
vn -0.9239 0.2706 0.2706
vn -0.8315 0.3928 0.3928
vn -0.7071 0.5000 0.5000
vn -0.5280 0.6005 0.6005
vn -0.5556 0.5879 0.5879
vn 0.5280 0.6005 0.6005
vn 0.5556 0.5879 0.5879
vn 0.7071 0.5000 0.5000
vn 0.8315 0.3928 0.3928
vn 0.9239 0.2706 0.2706
vn 0.9808 0.1379 0.1379
vn 0.0000 0.7071 -0.7071
vn -0.0000 0.7071 -0.7071
vn 1.0000 0.0000 0.0000
vn 0.9808 -0.1380 -0.1380
vn -0.9808 -0.1380 -0.1380
vn -1.0000 -0.0000 -0.0000
vn 0.3687 0.8190 0.4397
vn 0.1879 0.8578 0.4785
vn 0.1878 0.4761 0.8591
vn 0.3684 0.4373 0.8204
vn 0.0000 0.8708 0.4916
vn 0.0000 0.4891 0.8722
vn -0.1879 0.8578 0.4785
vn -0.1878 0.4761 0.8591
vn -0.3687 0.8190 0.4397
vn -0.3684 0.4373 0.8204
vn -0.5352 0.7560 0.3768
vn -0.5348 0.3744 0.7575
vn -0.6812 0.6713 0.2920
vn -0.6807 0.2898 0.6728
vn -0.8010 0.5681 0.1888
vn -0.8004 0.1866 0.5697
vn -0.8900 0.4503 0.0711
vn -0.8893 0.0689 0.4520
vn -0.9449 0.3225 -0.0567
vn -0.9441 -0.0588 0.3243
vn -0.9634 0.1896 -0.1896
vn -0.9626 -0.1916 0.1916
vn -0.9449 0.0567 -0.3225
vn -0.9441 -0.3243 0.0587
vn -0.8900 -0.0711 -0.4503
vn -0.8893 -0.4520 -0.0689
vn -0.8010 -0.1888 -0.5681
vn -0.8004 -0.5697 -0.1866
vn -0.6812 -0.2921 -0.6713
vn -0.6807 -0.6729 -0.2897
vn -0.5352 -0.3768 -0.7560
vn -0.5348 -0.7575 -0.3744
vn -0.3687 -0.4397 -0.8190
vn -0.3684 -0.8204 -0.4373
vn -0.1879 -0.4785 -0.8577
vn -0.1878 -0.8591 -0.4760
vn 0.0000 -0.4916 -0.8708
vn 0.0000 -0.8722 -0.4891
vn 0.1879 -0.4785 -0.8577
vn 0.1878 -0.8591 -0.4760
vn 0.3687 -0.4397 -0.8190
vn 0.3684 -0.8204 -0.4373
vn 0.5352 -0.3768 -0.7560
vn 0.5348 -0.7575 -0.3744
vn 0.6812 -0.2921 -0.6713
vn 0.6807 -0.6729 -0.2898
vn 0.8010 -0.1888 -0.5681
vn 0.8004 -0.5697 -0.1866
vn 0.8900 -0.0711 -0.4503
vn 0.8893 -0.4520 -0.0690
vn 0.9449 0.0567 -0.3225
vn 0.9441 -0.3243 0.0587
vn 0.9634 0.1896 -0.1896
vn 0.9626 -0.1915 0.1915
vn 0.9449 0.3225 -0.0567
vn 0.9441 -0.0588 0.3243
vn 0.8900 0.4503 0.0710
vn 0.8893 0.0690 0.4520
vn 0.8010 0.5681 0.1888
vn 0.8004 0.1866 0.5697
vn 0.6812 0.6713 0.2920
vn 0.6807 0.2898 0.6728
vn 0.5352 0.7560 0.3767
vn 0.5348 0.3744 0.7575
vn 0.1355 0.7006 -0.7006
vn 0.5013 0.6119 -0.6119
vn 0.4916 0.5427 -0.6810
vn 0.1329 0.6819 -0.7193
vn 0.1329 0.7193 -0.6819
vn 0.4916 0.6810 -0.5427
vn 0.1252 0.7372 -0.6639
vn 0.4631 0.7475 -0.4762
vn 0.1127 0.7538 -0.6474
vn 0.4168 0.8088 -0.4149
vn 0.0958 0.7683 -0.6328
vn 0.3544 0.8625 -0.3612
vn 0.0753 0.7802 -0.6209
vn 0.2785 0.9066 -0.3172
vn 0.0519 0.7891 -0.6121
vn 0.1918 0.9393 -0.2844
vn 0.0264 0.7946 -0.6066
vn 0.0978 0.9595 -0.2642
vn 0.0000 0.7964 -0.6048
vn -0.0000 0.9663 -0.2574
vn -0.0264 0.7946 -0.6066
vn -0.0978 0.9595 -0.2642
vn -0.0519 0.7891 -0.6121
vn -0.1918 0.9393 -0.2844
vn -0.0753 0.7802 -0.6209
vn -0.2785 0.9066 -0.3172
vn -0.0958 0.7683 -0.6328
vn -0.3544 0.8625 -0.3612
vn -0.1127 0.7538 -0.6474
vn -0.4168 0.8088 -0.4149
vn -0.1252 0.7373 -0.6639
vn -0.4631 0.7475 -0.4762
vn -0.1329 0.7193 -0.6819
vn -0.4916 0.6810 -0.5427
vn -0.1355 0.7006 -0.7006
vn -0.5013 0.6119 -0.6119
vn -0.1329 0.6819 -0.7193
vn -0.4916 0.5427 -0.6810
vn -0.1252 0.6639 -0.7373
vn -0.4631 0.4762 -0.7475
vn -0.1127 0.6474 -0.7538
vn -0.4168 0.4149 -0.8088
vn -0.0958 0.6328 -0.7683
vn -0.3544 0.3612 -0.8625
vn -0.0753 0.6209 -0.7802
vn -0.2785 0.3172 -0.9066
vn -0.0519 0.6121 -0.7891
vn -0.1918 0.2844 -0.9393
vn -0.0264 0.6066 -0.7946
vn -0.0978 0.2642 -0.9595
vn 0.0000 0.6048 -0.7964
vn -0.0000 0.2574 -0.9663
vn 0.0264 0.6066 -0.7946
vn 0.0978 0.2642 -0.9595
vn 0.0519 0.6121 -0.7891
vn 0.1918 0.2844 -0.9393
vn 0.0753 0.6209 -0.7802
vn 0.2785 0.3172 -0.9066
vn 0.0958 0.6328 -0.7683
vn 0.3544 0.3612 -0.8625
vn 0.1127 0.6474 -0.7538
vn 0.4168 0.4149 -0.8088
vn 0.1252 0.6639 -0.7373
vn 0.4631 0.4762 -0.7475
vn 0.2238 -0.6892 0.6892
vn 0.2195 -0.7200 0.6583
vn 0.5854 -0.6497 0.4850
vn 0.5969 -0.5673 0.5673
vn 0.2067 -0.7497 0.6286
vn 0.5515 -0.7288 0.4058
vn 0.1861 -0.7771 0.6013
vn 0.4963 -0.8018 0.3329
vn 0.1582 -0.8011 0.5773
vn 0.4220 -0.8658 0.2689
vn 0.1243 -0.8207 0.5576
vn 0.3316 -0.9183 0.2164
vn 0.0856 -0.8354 0.5430
vn 0.2284 -0.9573 0.1774
vn 0.0437 -0.8444 0.5340
vn 0.1164 -0.9813 0.1534
vn 0.0000 -0.8474 0.5309
vn 0.0000 -0.9894 0.1453
vn -0.0437 -0.8444 0.5340
vn -0.1164 -0.9813 0.1534
vn -0.0856 -0.8354 0.5430
vn -0.2284 -0.9573 0.1774
vn -0.1243 -0.8207 0.5576
vn -0.3316 -0.9183 0.2164
vn -0.1582 -0.8011 0.5773
vn -0.4220 -0.8658 0.2689
vn -0.1861 -0.7771 0.6013
vn -0.4963 -0.8018 0.3329
vn -0.2067 -0.7497 0.6286
vn -0.5514 -0.7289 0.4058
vn -0.2195 -0.7200 0.6583
vn -0.5854 -0.6497 0.4850
vn -0.2238 -0.6892 0.6892
vn -0.5969 -0.5673 0.5673
vn -0.2195 -0.6583 0.7200
vn -0.5854 -0.4850 0.6497
vn -0.2067 -0.6286 0.7497
vn -0.5514 -0.4058 0.7289
vn -0.1861 -0.6013 0.7771
vn -0.4963 -0.3329 0.8018
vn -0.1582 -0.5773 0.8011
vn -0.4221 -0.2689 0.8658
vn -0.1243 -0.5576 0.8207
vn -0.3316 -0.2164 0.9183
vn -0.0856 -0.5430 0.8354
vn -0.2284 -0.1774 0.9573
vn -0.0437 -0.5340 0.8444
vn -0.1164 -0.1534 0.9813
vn -0.0000 -0.5309 0.8474
vn 0.0000 -0.1453 0.9894
vn 0.0437 -0.5340 0.8444
vn 0.1164 -0.1534 0.9813
vn 0.0856 -0.5430 0.8354
vn 0.2284 -0.1774 0.9573
vn 0.1243 -0.5576 0.8207
vn 0.3316 -0.2164 0.9183
vn 0.1582 -0.5773 0.8011
vn 0.4221 -0.2689 0.8658
vn 0.1861 -0.6013 0.7771
vn 0.4963 -0.3329 0.8018
vn 0.2067 -0.6286 0.7497
vn 0.5515 -0.4058 0.7288
vn 0.2195 -0.6583 0.7200
vn 0.5854 -0.4850 0.6497
vn 0.7661 0.3337 -0.5492
vn 0.7811 0.4415 -0.4415
vn 0.7661 0.5492 -0.3337
vn 0.7217 0.6529 -0.2301
vn 0.6495 0.7484 -0.1346
vn 0.5523 0.8321 -0.0509
vn 0.4340 0.9008 0.0178
vn 0.2989 0.9518 0.0688
vn 0.1524 0.9832 0.1002
vn 0.0000 0.9938 0.1109
vn -0.1524 0.9832 0.1002
vn -0.2989 0.9518 0.0688
vn -0.4340 0.9007 0.0178
vn -0.5524 0.8321 -0.0509
vn -0.6495 0.7484 -0.1346
vn -0.7217 0.6529 -0.2301
vn -0.7662 0.5492 -0.3337
vn -0.7812 0.4415 -0.4415
vn -0.7661 0.3337 -0.5492
vn -0.7217 0.2301 -0.6528
vn -0.6495 0.1346 -0.7483
vn -0.5524 0.0509 -0.8321
vn -0.4340 -0.0178 -0.9007
vn -0.2989 -0.0689 -0.9518
vn -0.1524 -0.1003 -0.9832
vn 0.0000 -0.1109 -0.9938
vn 0.1524 -0.1003 -0.9832
vn 0.2989 -0.0689 -0.9518
vn 0.4340 -0.0178 -0.9007
vn 0.5524 0.0509 -0.8321
vn 0.6495 0.1346 -0.7484
vn 0.7217 0.2301 -0.6529
vn 0.0062 -0.7086 0.7056
vn 0.0000 -0.7071 0.7071
vn -0.0062 -0.7086 0.7056
vn 0.0010 -0.7082 0.7060
vn -0.0169 -0.7071 0.7069
vn -0.0010 -0.7082 0.7060
vn 0.0169 -0.7071 0.7069
vn -0.4714 0.6236 0.6236
vn 0.4714 0.6236 0.6236
vn 0.4714 -0.6236 -0.6236
vn -0.4714 -0.6236 -0.6236
vn 0.0201 -0.7071 0.7068
vn 0.0193 -0.7072 0.7067
vn 0.0202 -0.7071 0.7068
vn -0.0201 -0.7071 0.7068
vn -0.0202 -0.7071 0.7068
vn -0.0193 -0.7072 0.7067
vn 0.0005 -0.7004 0.7138
vn 0.0089 -0.6404 0.7680
vn -0.0000 -0.6719 0.7407
vn -0.0005 -0.7004 0.7138
vn -0.0089 -0.6404 0.7680
vn 0.0184 -0.7071 0.7069
vn 0.0183 -0.7071 0.7069
vn -0.0183 -0.7071 0.7069
vn -0.0184 -0.7071 0.7069
vn -0.0348 -0.0162 0.9993
vn 0.0454 0.0211 0.9987
vn 0.0454 0.0212 0.9987
vn -0.1552 -0.0724 0.9852
vn -0.9063 -0.4226 -0.0000
vn -0.9049 -0.4220 0.0557
vn -0.2899 -0.1352 0.9475
vn -0.4868 -0.2270 0.8435
vn -0.6771 -0.3157 0.6648
vn -0.8159 -0.3805 0.4354
vn -0.8866 -0.4134 0.2076
vn -0.0348 -0.0162 -0.9993
vn 0.0454 0.0212 -0.9987
vn 0.0454 0.0211 -0.9987
vn 0.0453 0.0212 -0.9987
vn -0.1552 -0.0724 -0.9852
vn -0.9049 -0.4220 -0.0557
vn -0.2899 -0.1352 -0.9475
vn -0.4868 -0.2270 -0.8435
vn -0.6771 -0.3157 -0.6648
vn -0.8159 -0.3805 -0.4354
vn -0.8866 -0.4134 -0.2076
vn -0.0455 -0.0212 -0.9987
vn 0.0348 0.0162 -0.9993
vn 0.1546 0.0721 -0.9853
vn 0.9049 0.4220 -0.0549
vn 0.9063 0.4226 0.0000
vn 0.2888 0.1347 -0.9479
vn 0.4862 0.2267 -0.8440
vn 0.6771 0.3157 -0.6648
vn 0.8162 0.3806 -0.4347
vn 0.8868 0.4135 -0.2064
vn -0.0455 -0.0212 0.9987
vn 0.0348 0.0162 0.9993
vn -0.0454 -0.0212 0.9987
vn 0.1546 0.0721 0.9853
vn 0.9049 0.4220 0.0550
vn 0.2888 0.1347 0.9479
vn 0.4862 0.2267 0.8440
vn 0.6771 0.3157 0.6648
vn 0.8162 0.3806 0.4347
vn 0.8868 0.4135 0.2064
vn 0.4226 -0.9063 -0.0000
vn 0.4570 -0.8894 -0.0019
vn 0.9207 0.3870 -0.0502
vn 0.8883 0.4566 -0.0502
vn -0.3876 0.9218 -0.0019
vn -0.4226 0.9063 0.0000
vn 0.4226 -0.9063 0.0000
vn -0.4226 0.9063 -0.0000
vn -0.3876 0.9218 0.0019
vn 0.8883 0.4566 0.0502
vn 0.9207 0.3870 0.0502
vn 0.4570 -0.8894 0.0019
vn 0.5709 -0.8210 -0.0086
vn 0.8198 0.5706 -0.0495
vn -0.2619 0.9650 0.0086
vn 0.9640 0.2612 0.0495
vn 0.7328 -0.6802 -0.0189
vn 0.8825 -0.4694 -0.0302
vn 0.9771 -0.2088 -0.0401
vn 0.9977 0.0491 -0.0465
vn 0.9640 0.2612 -0.0495
vn 0.6790 0.7327 -0.0465
vn 0.4681 0.8827 -0.0401
vn 0.2077 0.9777 -0.0302
vn -0.0501 0.9986 -0.0189
vn -0.2619 0.9651 -0.0086
vn -0.2619 0.9650 -0.0086
vn -0.0501 0.9986 0.0189
vn 0.2077 0.9777 0.0303
vn 0.4681 0.8827 0.0401
vn 0.6790 0.7327 0.0465
vn 0.8198 0.5706 0.0495
vn 0.9977 0.0491 0.0465
vn 0.9771 -0.2088 0.0401
vn 0.8825 -0.4694 0.0302
vn 0.7328 -0.6802 0.0189
vn 0.5709 -0.8210 0.0086
vn 0.0942 0.9956 0.0000
vn 0.0273 0.9788 0.2030
vn 0.0549 0.9785 0.1986
vn 0.1068 0.9768 0.1856
vn 0.1533 0.9743 0.1653
vn 0.1929 0.9713 0.1390
vn 0.2245 0.9685 0.1080
vn 0.2473 0.9661 0.0738
vn 0.2611 0.9646 0.0374
vn 0.2658 0.9640 -0.0000
vn 0.2611 0.9646 -0.0374
vn 0.2473 0.9661 -0.0738
vn 0.2245 0.9685 -0.1080
vn 0.1929 0.9713 -0.1390
vn 0.1533 0.9743 -0.1653
vn 0.1068 0.9768 -0.1856
vn 0.0549 0.9785 -0.1986
vn 0.0273 0.9788 -0.2030
vn 0.1041 0.9187 0.3809
vn 0.0524 0.9197 0.3892
vn 0.2020 0.9127 0.3552
vn 0.2891 0.9039 0.3152
vn 0.3623 0.8939 0.2640
vn 0.4198 0.8843 0.2045
vn 0.4609 0.8765 0.1392
vn 0.4856 0.8713 0.0704
vn 0.4938 0.8696 -0.0000
vn 0.4856 0.8713 -0.0704
vn 0.4609 0.8765 -0.1392
vn 0.4198 0.8843 -0.2045
vn 0.3623 0.8939 -0.2640
vn 0.2891 0.9039 -0.3152
vn 0.2020 0.9127 -0.3552
vn 0.1041 0.9187 -0.3809
vn 0.0524 0.9197 -0.3892
vn 0.1487 0.8236 0.5473
vn 0.0753 0.8253 0.5597
vn 0.2870 0.8125 0.5074
vn 0.4073 0.7967 0.4465
vn 0.5056 0.7792 0.3705
vn 0.5808 0.7628 0.2844
vn 0.6333 0.7497 0.1923
vn 0.6642 0.7413 0.0969
vn 0.6744 0.7384 -0.0000
vn 0.6642 0.7413 -0.0969
vn 0.6333 0.7497 -0.1923
vn 0.5808 0.7628 -0.2844
vn 0.5056 0.7792 -0.3705
vn 0.4073 0.7967 -0.4465
vn 0.2870 0.8125 -0.5074
vn 0.1487 0.8236 -0.5473
vn 0.0753 0.8253 -0.5597
vn 0.1871 0.6975 0.6917
vn 0.0953 0.6998 0.7080
vn 0.3587 0.6827 0.6366
vn 0.5041 0.6621 0.5546
vn 0.6191 0.6400 0.4551
vn 0.7043 0.6198 0.3460
vn 0.7623 0.6041 0.2321
vn 0.7958 0.5942 0.1164
vn 0.8068 0.5909 -0.0000
vn 0.7958 0.5942 -0.1164
vn 0.7623 0.6041 -0.2321
vn 0.7043 0.6198 -0.3460
vn 0.6191 0.6400 -0.4551
vn 0.5041 0.6621 -0.5546
vn 0.3587 0.6827 -0.6366
vn 0.1871 0.6975 -0.6917
vn 0.0953 0.6998 -0.7080
vn 0.2182 0.5459 0.8089
vn 0.1115 0.5483 0.8288
vn 0.4153 0.5303 0.7392
vn 0.5781 0.5090 0.6377
vn 0.7032 0.4868 0.5181
vn 0.7933 0.4672 0.3904
vn 0.8531 0.4521 0.2602
vn 0.8871 0.4429 0.1299
vn 0.8981 0.4397 -0.0000
vn 0.8871 0.4429 -0.1299
vn 0.8531 0.4521 -0.2602
vn 0.7933 0.4672 -0.3904
vn 0.7032 0.4868 -0.5182
vn 0.5781 0.5090 -0.6377
vn 0.4153 0.5303 -0.7392
vn 0.2182 0.5459 -0.8089
vn 0.1115 0.5483 -0.8288
vn 0.2409 0.3749 0.8952
vn 0.1235 0.3769 0.9180
vn 0.4559 0.3618 0.8132
vn 0.6299 0.3445 0.6961
vn 0.7605 0.3268 0.5611
vn 0.8524 0.3114 0.4200
vn 0.9124 0.2999 0.2786
vn 0.9461 0.2928 0.1387
vn 0.9569 0.2905 -0.0000
vn 0.9461 0.2928 -0.1387
vn 0.9124 0.2999 -0.2786
vn 0.8524 0.3114 -0.4200
vn 0.7605 0.3268 -0.5611
vn 0.6299 0.3445 -0.6961
vn 0.4559 0.3618 -0.8132
vn 0.2409 0.3749 -0.8952
vn 0.1235 0.3769 -0.9180
vn 0.2547 0.1907 0.9480
vn 0.1309 0.1919 0.9727
vn 0.4803 0.1833 0.8577
vn 0.6604 0.1736 0.7305
vn 0.7936 0.1639 0.5860
vn 0.8860 0.1555 0.4369
vn 0.9456 0.1493 0.2889
vn 0.9789 0.1455 0.1436
vn 0.9895 0.1443 -0.0000
vn 0.9789 0.1455 -0.1436
vn 0.9456 0.1493 -0.2889
vn 0.8860 0.1555 -0.4369
vn 0.7936 0.1639 -0.5860
vn 0.6604 0.1736 -0.7305
vn 0.4803 0.1833 -0.8577
vn 0.2547 0.1907 -0.9480
vn 0.1309 0.1919 -0.9727
vn 0.2595 0.0481 0.9645
vn 0.1332 0.0484 0.9899
vn 0.4885 0.0461 0.8713
vn 0.6705 0.0436 0.7406
vn 0.8041 0.0410 0.5930
vn 0.8965 0.0388 0.4414
vn 0.9558 0.0372 0.2916
vn 0.9888 0.0362 0.1448
vn 0.9994 0.0359 -0.0000
vn 0.9888 0.0362 -0.1448
vn 0.9558 0.0372 -0.2916
vn 0.8965 0.0388 -0.4414
vn 0.8041 0.0410 -0.5930
vn 0.6705 0.0436 -0.7406
vn 0.4885 0.0461 -0.8713
vn 0.2595 0.0481 -0.9645
vn 0.1332 0.0484 -0.9899
vn 0.1333 -0.0000 0.9911
vn 0.2603 0.0000 0.9655
vn 0.4897 -0.0000 0.8719
vn 0.6718 0.0000 0.7408
vn 0.8053 -0.0000 0.5929
vn 0.8974 0.0000 0.4412
vn 0.9566 -0.0000 0.2914
vn 0.9895 0.0000 0.1447
vn 0.9895 -0.0000 -0.1447
vn 0.9566 -0.0000 -0.2914
vn 0.8974 0.0000 -0.4412
vn 0.8053 0.0000 -0.5929
vn 0.6717 -0.0000 -0.7408
vn 0.4897 0.0000 -0.8719
vn 0.2603 -0.0000 -0.9655
vn 0.1333 -0.0000 -0.9911
vn 0.1333 0.0000 0.9911
vn 0.4897 0.0000 0.8719
vn 0.8053 0.0000 0.5929
vn 0.8974 -0.0000 0.4412
vn 0.9566 0.0000 0.2914
vn 1.0000 0.0000 -0.0000
vn 0.9895 0.0000 -0.1447
vn 0.8974 -0.0000 -0.4412
vn 0.8053 -0.0000 -0.5929
vn 0.6717 0.0000 -0.7408
vn 0.2603 0.0000 -0.9655
vn 0.1333 0.0000 -0.9911
vn -0.0942 0.9956 0.0000
vn -0.0549 0.9785 0.1986
vn -0.0273 0.9788 0.2030
vn -0.1068 0.9768 0.1856
vn -0.1533 0.9743 0.1653
vn -0.1929 0.9713 0.1390
vn -0.2245 0.9685 0.1080
vn -0.2473 0.9661 0.0738
vn -0.2611 0.9646 0.0374
vn -0.2658 0.9640 -0.0000
vn -0.2611 0.9646 -0.0374
vn -0.2473 0.9661 -0.0738
vn -0.2245 0.9685 -0.1080
vn -0.1929 0.9713 -0.1390
vn -0.1533 0.9743 -0.1653
vn -0.1068 0.9768 -0.1856
vn -0.0549 0.9785 -0.1986
vn -0.0273 0.9788 -0.2030
vn -0.1041 0.9187 0.3809
vn -0.0524 0.9197 0.3892
vn -0.2020 0.9127 0.3552
vn -0.2891 0.9039 0.3152
vn -0.3623 0.8939 0.2640
vn -0.4198 0.8843 0.2045
vn -0.4609 0.8765 0.1392
vn -0.4856 0.8713 0.0704
vn -0.4938 0.8696 -0.0000
vn -0.4856 0.8713 -0.0704
vn -0.4609 0.8765 -0.1392
vn -0.4198 0.8843 -0.2045
vn -0.3623 0.8939 -0.2640
vn -0.2891 0.9039 -0.3152
vn -0.2020 0.9127 -0.3552
vn -0.1041 0.9187 -0.3809
vn -0.0524 0.9197 -0.3892
vn -0.1487 0.8236 0.5473
vn -0.0753 0.8253 0.5597
vn -0.2870 0.8125 0.5074
vn -0.4073 0.7967 0.4465
vn -0.5056 0.7792 0.3705
vn -0.5808 0.7628 0.2844
vn -0.6333 0.7497 0.1923
vn -0.6642 0.7413 0.0969
vn -0.6744 0.7384 -0.0000
vn -0.6642 0.7413 -0.0969
vn -0.6333 0.7497 -0.1923
vn -0.5808 0.7628 -0.2844
vn -0.5056 0.7792 -0.3705
vn -0.4073 0.7967 -0.4465
vn -0.2870 0.8125 -0.5074
vn -0.1487 0.8236 -0.5473
vn -0.0753 0.8253 -0.5597
vn -0.1871 0.6975 0.6917
vn -0.0953 0.6998 0.7080
vn -0.3587 0.6827 0.6366
vn -0.5041 0.6621 0.5546
vn -0.6191 0.6400 0.4551
vn -0.7043 0.6198 0.3460
vn -0.7623 0.6041 0.2321
vn -0.7958 0.5942 0.1164
vn -0.8068 0.5909 -0.0000
vn -0.7958 0.5942 -0.1164
vn -0.7623 0.6041 -0.2321
vn -0.7043 0.6198 -0.3460
vn -0.6191 0.6400 -0.4551
vn -0.5041 0.6621 -0.5546
vn -0.3587 0.6827 -0.6366
vn -0.1871 0.6975 -0.6917
vn -0.0953 0.6998 -0.7080
vn -0.2182 0.5459 0.8089
vn -0.1115 0.5483 0.8288
vn -0.4153 0.5303 0.7392
vn -0.5781 0.5090 0.6377
vn -0.7032 0.4868 0.5181
vn -0.7933 0.4672 0.3904
vn -0.8531 0.4521 0.2602
vn -0.8871 0.4429 0.1299
vn -0.8981 0.4397 -0.0000
vn -0.8871 0.4429 -0.1299
vn -0.8531 0.4521 -0.2602
vn -0.7933 0.4672 -0.3904
vn -0.7032 0.4868 -0.5182
vn -0.5781 0.5090 -0.6377
vn -0.4153 0.5303 -0.7392
vn -0.2182 0.5459 -0.8089
vn -0.1115 0.5483 -0.8288
vn -0.2409 0.3749 0.8952
vn -0.1235 0.3769 0.9180
vn -0.4559 0.3618 0.8132
vn -0.6299 0.3445 0.6961
vn -0.7605 0.3268 0.5611
vn -0.8524 0.3114 0.4200
vn -0.9124 0.2999 0.2786
vn -0.9461 0.2928 0.1387
vn -0.9569 0.2905 -0.0000
vn -0.9461 0.2928 -0.1387
vn -0.9124 0.2999 -0.2786
vn -0.8524 0.3114 -0.4200
vn -0.7605 0.3268 -0.5611
vn -0.6299 0.3445 -0.6961
vn -0.4559 0.3618 -0.8132
vn -0.2409 0.3749 -0.8952
vn -0.1235 0.3769 -0.9180
vn -0.2547 0.1907 0.9480
vn -0.1309 0.1919 0.9727
vn -0.4803 0.1833 0.8577
vn -0.6604 0.1736 0.7305
vn -0.7936 0.1639 0.5860
vn -0.8860 0.1555 0.4369
vn -0.9456 0.1493 0.2889
vn -0.9789 0.1455 0.1436
vn -0.9895 0.1443 -0.0000
vn -0.9789 0.1455 -0.1436
vn -0.9456 0.1493 -0.2889
vn -0.8860 0.1555 -0.4369
vn -0.7936 0.1639 -0.5860
vn -0.6604 0.1736 -0.7305
vn -0.4803 0.1833 -0.8577
vn -0.2547 0.1907 -0.9480
vn -0.1309 0.1919 -0.9727
vn -0.2595 0.0481 0.9645
vn -0.1332 0.0484 0.9899
vn -0.4885 0.0461 0.8713
vn -0.6705 0.0436 0.7406
vn -0.8041 0.0410 0.5930
vn -0.8965 0.0388 0.4414
vn -0.9558 0.0372 0.2916
vn -0.9888 0.0362 0.1448
vn -0.9994 0.0359 -0.0000
vn -0.9888 0.0362 -0.1448
vn -0.9558 0.0372 -0.2916
vn -0.8965 0.0388 -0.4414
vn -0.8041 0.0410 -0.5930
vn -0.6705 0.0436 -0.7406
vn -0.4885 0.0461 -0.8713
vn -0.2595 0.0481 -0.9645
vn -0.1332 0.0484 -0.9899
vn -0.2603 -0.0000 0.9655
vn -0.1333 -0.0000 0.9911
vn -0.4897 0.0000 0.8719
vn -0.6718 -0.0000 0.7408
vn -0.8053 -0.0000 0.5929
vn -0.8974 0.0000 0.4412
vn -0.9566 0.0000 0.2914
vn -0.9895 0.0000 0.1447
vn -1.0000 0.0000 -0.0000
vn -0.9895 -0.0000 -0.1447
vn -0.9566 -0.0000 -0.2914
vn -0.8974 0.0000 -0.4412
vn -0.8053 -0.0000 -0.5929
vn -0.6717 -0.0000 -0.7408
vn -0.4897 0.0000 -0.8719
vn -0.2603 -0.0000 -0.9655
vn -0.1333 -0.0000 -0.9911
vn -0.1333 0.0000 0.9911
vn -0.2603 0.0000 0.9655
vn -0.6718 0.0000 0.7408
vn -0.8053 0.0000 0.5929
vn -0.9895 0.0000 -0.1447
vn -0.8974 -0.0000 -0.4412
vn -0.6717 0.0000 -0.7408
vn -0.2603 0.0000 -0.9655
vn -0.1333 0.0000 -0.9911
vn 1.0000 -0.0000 0.0000
vn -1.0000 -0.0000 0.0000
vn -0.8974 -0.0000 0.4412
vn -0.9895 -0.0000 0.1447
vn -0.8053 0.0000 -0.5929
vn 0.9397 -0.0000 -0.3420
vn 0.9397 0.0000 -0.3420
vn 0.7660 -0.0000 -0.6428
vn 0.5000 0.0000 -0.8660
vn 0.5000 -0.0000 -0.8660
vn 0.1736 0.0000 -0.9848
vn -0.1736 -0.0000 -0.9848
vn -0.5000 -0.0000 -0.8660
vn -0.7660 0.0000 -0.6428
vn -0.9397 0.0000 -0.3420
vn -0.9397 0.0000 0.3420
vn -0.7660 0.0000 0.6428
vn -0.5000 -0.0000 0.8660
vn -0.1736 -0.0000 0.9848
vn 0.1736 0.0000 0.9848
vn 0.5000 -0.0000 0.8660
vn 0.7660 -0.0000 0.6428
vn 0.9397 -0.0000 0.3420
vn 0.0000 1.0000 -0.0000
vn 0.0000 1.0000 0.0000
vn -0.0000 1.0000 -0.0000
vn -0.0000 1.0000 0.0000
vn 0.1736 -0.0000 -0.9848
vn -0.7660 -0.0000 -0.6428
vn -0.9397 -0.0000 -0.3420
vn -0.9397 -0.0000 0.3420
vn -0.7660 -0.0000 0.6428
vn -0.5000 0.0000 0.8660
vn -0.1736 0.0000 0.9848
vn 0.5000 0.0000 0.8660
vn 0.7660 0.0000 0.6428
vn 0.9397 0.0000 0.3420
vn 0.3399 0.9323 -0.1237
vn 0.3617 0.9323 -0.0000
vn 0.3617 0.9323 0.0000
vn 0.3399 0.9323 0.1237
vn 0.2771 0.9323 0.2325
vn 0.1809 0.9323 0.3132
vn 0.0628 0.9323 0.3562
vn -0.0628 0.9323 0.3562
vn -0.1809 0.9323 0.3132
vn -0.2771 0.9323 0.2325
vn -0.3399 0.9323 0.1237
vn -0.3617 0.9323 -0.0000
vn -0.3399 0.9323 -0.1237
vn -0.2771 0.9323 -0.2325
vn -0.1809 0.9323 -0.3132
vn -0.0628 0.9323 -0.3562
vn 0.0628 0.9323 -0.3562
vn 0.1809 0.9323 -0.3132
vn 0.2771 0.9323 -0.2325
# 764 vertex normals

g Cylinder008
s 4
f 1238//745 1239//746 1240//747 1241//748 
f 1239//746 1242//749 1243//750 1240//747 
f 1242//749 1244//751 1245//752 1243//750 
f 1244//751 1246//753 1247//754 1245//752 
f 1248//755 1249//756 1250//757 1251//758 
f 1249//756 1252//759 1253//759 1250//757 
f 1252//759 1254//760 1255//761 1253//759 
f 1254//760 1256//762 1257//763 1255//761 
f 1258//764 1259//765 1260//765 1261//764 
f 1259//765 1262//766 1263//766 1260//765 
f 1262//766 1264//767 1265//767 1263//766 
f 1264//767 1266//768 1267//768 1265//767 
f 1266//768 1268//769 1269//769 1267//768 
f 1268//769 1241//748 1270//770 1269//769 
f 1241//748 1240//747 1271//747 1270//770 
f 1240//747 1243//750 1272//749 1271//747 
f 1243//750 1245//752 1273//752 1272//749 
f 1245//752 1247//754 1274//754 1273//752 
f 1247//754 1275//771 1276//772 1274//754 
f 1275//771 1277//773 1278//773 1276//772 
f 1277//773 1279//774 1280//774 1278//773 
f 1279//774 1281//775 1282//775 1280//774 
f 1281//775 1283//776 1284//776 1282//775 
f 1283//776 1285//777 1286//777 1284//776 
f 1285//777 1287//778 1288//778 1286//777 
f 1287//778 1289//779 1290//779 1288//778 
f 1289//779 1291//780 1292//780 1290//779 
f 1291//780 1293//781 1294//781 1292//780 
f 1293//781 1295//782 1296//783 1294//781 
f 1295//782 1251//758 1297//758 1296//783 
f 1251//758 1250//757 1298//757 1297//758 
f 1250//757 1253//759 1299//759 1298//757 
f 1253//759 1255//761 1300//761 1299//759 
f 1255//761 1257//763 1301//763 1300//761 
f 1257//763 1302//784 1303//785 1301//763 
f 1302//784 1304//786 1305//786 1303//785 
f 1304//786 1306//787 1307//787 1305//786 
f 1306//787 1308//788 1309//788 1307//787 
f 1308//788 1310//789 1311//789 1309//788 
f 1310//789 1258//764 1261//764 1311//789 
s off
f 1261//790 1260//790 1312//790 1313//790 
s 2
f 1260//790 1263//790 1314//790 1312//790 
s off
f 1263//790 1265//790 1315//790 1314//790 
f 1265//790 1267//790 1316//790 1315//790 
f 1267//790 1269//790 1317//790 1316//790 
f 1269//790 1270//790 1318//790 1317//790 
s 2
f 1270//790 1271//790 1319//790 1318//790 
s off
f 1271//790 1272//790 1320//790 1319//790 
f 1272//790 1273//790 1321//790 1320//790 
f 1273//790 1274//790 1322//790 1321//790 
s 2
f 1274//790 1276//790 1323//790 1322//790 
s off
f 1276//790 1278//790 1324//790 1323//790 
f 1278//790 1280//790 1325//790 1324//790 
s 2
f 1280//790 1282//790 1326//790 1325//790 
s off
f 1282//790 1284//790 1327//790 1326//790 
f 1284//790 1286//790 1328//790 1327//790 
f 1286//790 1288//790 1329//790 1328//790 
f 1288//790 1290//790 1330//790 1329//790 
s 2
f 1290//790 1292//790 1331//790 1330//790 
s off
f 1292//790 1294//790 1332//790 1331//790 
f 1294//790 1296//790 1333//790 1332//790 
s 2
f 1296//790 1297//790 1334//790 1333//790 
s off
f 1297//790 1298//790 1335//790 1334//790 
f 1298//790 1299//790 1336//790 1335//790 
f 1299//790 1300//790 1337//790 1336//790 
s 2
f 1300//790 1301//790 1338//790 1337//790 
s off
f 1301//790 1303//790 1339//790 1338//790 
f 1303//790 1305//790 1340//790 1339//790 
f 1305//790 1307//790 1341//790 1340//790 
f 1307//790 1309//790 1342//790 1341//790 
s 2
f 1309//790 1311//790 1343//790 1342//790 
s off
f 1311//790 1261//790 1313//790 1343//790 
s 1
f 1313//764 1312//765 1344//765 1345//764 
f 1312//765 1314//766 1346//766 1344//765 
f 1314//766 1315//767 1347//767 1346//766 
f 1315//767 1316//768 1348//768 1347//767 
f 1316//768 1317//769 1349//769 1348//768 
f 1317//769 1318//770 1350//770 1349//769 
f 1318//770 1319//747 1351//747 1350//770 
f 1319//747 1320//749 1352//749 1351//747 
f 1320//749 1321//752 1353//752 1352//749 
f 1321//752 1322//754 1354//754 1353//752 
f 1322//754 1323//772 1355//772 1354//754 
f 1323//772 1324//773 1356//773 1355//772 
f 1324//773 1325//774 1357//774 1356//773 
f 1325//774 1326//775 1358//775 1357//774 
f 1326//775 1327//776 1359//776 1358//775 
f 1327//776 1328//777 1360//777 1359//776 
f 1328//777 1329//778 1361//778 1360//777 
f 1329//778 1330//779 1362//779 1361//778 
f 1330//779 1331//780 1363//780 1362//779 
f 1331//780 1332//781 1364//781 1363//780 
f 1332//781 1333//783 1365//783 1364//781 
f 1333//783 1334//758 1366//758 1365//783 
f 1334//758 1335//757 1367//757 1366//758 
f 1335//757 1336//759 1368//759 1367//757 
f 1336//759 1337//761 1369//761 1368//759 
f 1337//761 1338//763 1370//763 1369//761 
f 1338//763 1339//785 1371//785 1370//763 
f 1339//785 1340//786 1372//786 1371//785 
f 1340//786 1341//787 1373//787 1372//786 
f 1341//787 1342//788 1374//788 1373//787 
f 1342//788 1343//789 1375//789 1374//788 
f 1343//789 1313//764 1345//764 1375//789 
s off
f 1345//790 1344//790 1376//790 1377//790 
f 1344//790 1346//790 1378//790 1376//790 
f 1346//790 1347//790 1379//790 1378//790 
f 1347//790 1348//790 1380//790 1379//790 
f 1348//790 1349//790 1381//790 1380//790 
f 1349//790 1350//790 1382//790 1381//790 
f 1350//790 1351//790 1383//790 1382//790 
f 1351//790 1352//790 1384//790 1383//790 
f 1352//790 1353//790 1385//790 1384//790 
f 1353//790 1354//790 1386//790 1385//790 
f 1354//790 1355//790 1387//790 1386//790 
f 1355//790 1356//790 1388//790 1387//790 
f 1356//790 1357//790 1389//790 1388//790 
f 1357//790 1358//790 1390//790 1389//790 
f 1358//790 1359//790 1391//790 1390//790 
f 1359//790 1360//790 1392//790 1391//790 
f 1360//790 1361//790 1393//790 1392//790 
f 1361//790 1362//790 1394//790 1393//790 
f 1362//790 1363//790 1395//790 1394//790 
f 1363//790 1364//790 1396//790 1395//790 
f 1364//790 1365//790 1397//790 1396//790 
f 1365//790 1366//790 1398//790 1397//790 
f 1366//790 1367//790 1399//790 1398//790 
f 1367//790 1368//790 1400//790 1399//790 
f 1368//790 1369//790 1401//790 1400//790 
f 1369//790 1370//790 1402//790 1401//790 
f 1370//790 1371//790 1403//790 1402//790 
f 1371//790 1372//790 1404//790 1403//790 
f 1372//790 1373//790 1405//790 1404//790 
f 1373//790 1374//790 1406//790 1405//790 
f 1374//790 1375//790 1407//790 1406//790 
f 1375//790 1345//790 1377//790 1407//790 
s 1
f 1377//764 1376//765 1408//765 1409//764 
f 1376//765 1378//766 1410//766 1408//765 
f 1378//766 1379//767 1411//767 1410//766 
f 1379//767 1380//768 1412//768 1411//767 
f 1380//768 1381//769 1413//769 1412//768 
f 1381//769 1382//770 1414//770 1413//769 
f 1382//770 1383//747 1415//747 1414//770 
f 1383//747 1384//750 1416//750 1415//747 
f 1384//750 1385//752 1417//752 1416//750 
f 1385//752 1386//754 1418//754 1417//752 
f 1386//754 1387//772 1419//772 1418//754 
f 1387//772 1388//773 1420//773 1419//772 
f 1388//773 1389//774 1421//774 1420//773 
f 1389//774 1390//775 1422//775 1421//774 
f 1390//775 1391//776 1423//776 1422//775 
f 1391//776 1392//777 1424//777 1423//776 
f 1392//777 1393//778 1425//778 1424//777 
f 1393//778 1394//779 1426//779 1425//778 
f 1394//779 1395//780 1427//780 1426//779 
f 1395//780 1396//781 1428//781 1427//780 
f 1396//781 1397//783 1429//783 1428//781 
f 1397//783 1398//758 1430//758 1429//783 
f 1398//758 1399//757 1431//757 1430//758 
f 1399//757 1400//759 1432//759 1431//757 
f 1400//759 1401//761 1433//761 1432//759 
f 1401//761 1402//763 1434//763 1433//761 
f 1402//763 1403//785 1435//785 1434//763 
f 1403//785 1404//786 1436//786 1435//785 
f 1404//786 1405//787 1437//787 1436//786 
f 1405//787 1406//788 1438//788 1437//787 
f 1406//788 1407//789 1439//789 1438//788 
f 1407//789 1377//764 1409//764 1439//789 
s off
f 1409//790 1408//790 1440//790 1441//790 
f 1408//790 1410//790 1442//790 1440//790 
f 1410//790 1411//790 1443//790 1442//790 
f 1411//790 1412//790 1444//790 1443//790 
f 1412//790 1413//790 1445//790 1444//790 
f 1413//790 1414//790 1446//790 1445//790 
f 1414//791 1415//791 1447//791 1446//791 
f 1415//790 1416//790 1448//790 1447//790 
f 1416//791 1417//791 1449//791 1448//791 
f 1417//790 1418//790 1450//790 1449//790 
f 1418//791 1419//791 1451//791 1450//791 
f 1419//791 1420//791 1452//791 1451//791 
f 1420//791 1421//791 1453//791 1452//791 
f 1421//791 1422//791 1454//791 1453//791 
f 1422//791 1423//791 1455//791 1454//791 
f 1423//791 1424//791 1456//791 1455//791 
f 1424//791 1425//791 1457//791 1456//791 
f 1425//791 1426//791 1458//791 1457//791 
f 1426//791 1427//791 1459//791 1458//791 
f 1427//791 1428//791 1460//791 1459//791 
f 1428//791 1429//791 1461//791 1460//791 
f 1429//791 1430//791 1462//791 1461//791 
f 1430//790 1431//790 1463//790 1462//790 
f 1431//791 1432//791 1464//791 1463//791 
f 1432//790 1433//790 1465//790 1464//790 
f 1433//791 1434//791 1466//791 1465//791 
f 1434//790 1435//790 1467//790 1466//790 
f 1435//791 1436//791 1468//791 1467//791 
f 1436//790 1437//790 1469//790 1468//790 
f 1437//790 1438//790 1470//790 1469//790 
f 1438//790 1439//790 1471//790 1470//790 
f 1439//790 1409//790 1441//790 1471//790 
s 1
f 1441//792 1440//793 1472//793 1473//792 
f 1440//793 1442//766 1474//766 1472//793 
f 1442//766 1443//767 1475//767 1474//766 
f 1443//767 1444//768 1476//768 1475//767 
f 1444//768 1445//769 1477//769 1476//768 
f 1445//769 1446//770 1478//770 1477//769 
f 1446//770 1447//747 1479//747 1478//770 
f 1447//747 1448//749 1480//749 1479//747 
f 1448//749 1449//752 1481//752 1480//749 
f 1449//752 1450//754 1482//754 1481//752 
f 1450//754 1451//772 1483//772 1482//754 
f 1451//772 1452//773 1484//773 1483//772 
f 1452//773 1453//774 1485//774 1484//773 
f 1453//774 1454//775 1486//775 1485//774 
f 1454//775 1455//794 1487//794 1486//775 
f 1455//794 1456//795 1488//777 1487//794 
f 1456//795 1457//778 1489//778 1488//777 
f 1457//778 1458//779 1490//779 1489//778 
f 1458//779 1459//780 1491//780 1490//779 
f 1459//780 1460//781 1492//781 1491//780 
f 1460//781 1461//783 1493//783 1492//781 
f 1461//783 1462//758 1494//758 1493//783 
f 1462//758 1463//757 1495//757 1494//758 
f 1463//757 1464//759 1496//759 1495//757 
f 1464//759 1465//761 1497//761 1496//759 
f 1465//761 1466//763 1498//763 1497//761 
f 1466//763 1467//785 1499//785 1498//763 
f 1467//785 1468//786 1500//786 1499//785 
f 1468//786 1469//787 1501//787 1500//786 
f 1469//787 1470//788 1502//788 1501//787 
f 1470//788 1471//789 1503//789 1502//788 
f 1471//789 1441//792 1473//792 1503//789 
s 2
f 1504//796 1505//797 1506//798 1507//799 
f 1505//797 1508//800 1509//801 1506//798 
f 1508//800 1510//802 1511//803 1509//801 
f 1510//802 1512//804 1513//805 1511//803 
f 1512//804 1514//806 1515//807 1513//805 
f 1514//806 1516//808 1517//809 1515//807 
f 1516//808 1518//810 1519//811 1517//809 
f 1518//810 1520//812 1521//813 1519//811 
f 1520//812 1522//814 1523//815 1521//813 
f 1522//814 1524//816 1525//817 1523//815 
f 1524//816 1526//818 1527//819 1525//817 
f 1526//818 1528//820 1529//821 1527//819 
f 1528//820 1530//822 1531//823 1529//821 
f 1530//822 1532//824 1533//825 1531//823 
f 1532//824 1534//826 1535//827 1533//825 
f 1534//826 1536//828 1537//829 1535//827 
f 1536//828 1538//830 1539//831 1537//829 
f 1538//830 1540//832 1541//833 1539//831 
f 1540//832 1542//834 1543//835 1541//833 
f 1542//834 1544//836 1545//837 1543//835 
f 1544//836 1546//838 1547//839 1545//837 
f 1546//838 1548//840 1549//841 1547//839 
f 1548//840 1550//842 1551//843 1549//841 
f 1550//842 1552//844 1553//845 1551//843 
f 1552//844 1554//846 1555//847 1553//845 
f 1554//846 1556//848 1557//849 1555//847 
f 1556//848 1558//850 1559//851 1557//849 
f 1558//850 1560//852 1561//853 1559//851 
f 1560//852 1562//854 1563//855 1561//853 
f 1562//854 1564//856 1565//857 1563//855 
f 1564//856 1566//858 1567//859 1565//857 
f 1566//858 1504//796 1507//799 1567//859 
f 1568//860 1569//861 1570//862 1571//863 
f 1572//864 1573//865 1569//861 1568//860 
f 1574//866 1575//867 1573//865 1572//864 
f 1576//868 1577//869 1575//867 1574//866 
f 1578//870 1579//871 1577//869 1576//868 
f 1580//872 1581//873 1579//871 1578//870 
f 1582//874 1583//875 1581//873 1580//872 
f 1584//876 1585//877 1583//875 1582//874 
f 1586//878 1587//879 1585//877 1584//876 
f 1588//880 1589//881 1587//879 1586//878 
f 1590//882 1591//883 1589//881 1588//880 
f 1592//884 1593//885 1591//883 1590//882 
f 1594//886 1595//887 1593//885 1592//884 
f 1596//888 1597//889 1595//887 1594//886 
f 1598//890 1599//891 1597//889 1596//888 
f 1600//892 1601//893 1599//891 1598//890 
f 1602//894 1603//895 1601//893 1600//892 
f 1604//896 1605//897 1603//895 1602//894 
f 1606//898 1607//899 1605//897 1604//896 
f 1608//900 1609//901 1607//899 1606//898 
f 1610//902 1611//903 1609//901 1608//900 
f 1612//904 1613//905 1611//903 1610//902 
f 1614//906 1615//907 1613//905 1612//904 
f 1616//908 1617//909 1615//907 1614//906 
f 1618//910 1619//911 1617//909 1616//908 
f 1620//912 1621//913 1619//911 1618//910 
f 1622//914 1623//915 1621//913 1620//912 
f 1624//916 1625//917 1623//915 1622//914 
f 1626//918 1627//919 1625//917 1624//916 
f 1628//920 1629//921 1627//919 1626//918 
f 1630//922 1631//923 1629//921 1628//920 
f 1571//863 1570//862 1631//923 1630//922 
f 1473//924 1472//925 1632//926 1633//927 
f 1472//925 1474//928 1634//929 1632//926 
f 1474//928 1475//930 1635//931 1634//929 
f 1475//930 1476//932 1636//933 1635//931 
f 1476//932 1477//934 1637//935 1636//933 
f 1477//934 1478//936 1638//937 1637//935 
f 1478//936 1479//938 1639//939 1638//937 
f 1479//938 1480//940 1640//941 1639//939 
f 1480//940 1481//942 1641//943 1640//941 
f 1481//942 1482//944 1642//945 1641//943 
f 1482//944 1483//946 1643//947 1642//945 
f 1483//946 1484//948 1644//949 1643//947 
f 1484//948 1485//950 1645//951 1644//949 
f 1485//950 1486//952 1646//953 1645//951 
f 1486//952 1487//954 1647//955 1646//953 
f 1487//954 1488//956 1648//957 1647//955 
f 1488//956 1489//958 1649//959 1648//957 
f 1489//958 1490//960 1650//961 1649//959 
f 1490//960 1491//962 1651//963 1650//961 
f 1491//962 1492//964 1652//965 1651//963 
f 1492//964 1493//966 1653//967 1652//965 
f 1493//966 1494//968 1654//969 1653//967 
f 1494//968 1495//970 1655//971 1654//969 
f 1495//970 1496//972 1656//973 1655//971 
f 1496//972 1497//974 1657//975 1656//973 
f 1497//974 1498//976 1658//977 1657//975 
f 1498//976 1499//978 1659//979 1658//977 
f 1499//978 1500//980 1660//981 1659//979 
f 1500//980 1501//982 1661//983 1660//981 
f 1501//982 1502//984 1662//985 1661//983 
f 1502//984 1503//986 1663//987 1662//985 
f 1503//986 1473//924 1633//927 1663//987 
f 1664//988 1665//989 1556//848 1554//846 
f 1665//989 1666//990 1558//850 1556//848 
f 1666//990 1667//991 1560//852 1558//850 
f 1667//991 1668//992 1562//854 1560//852 
f 1668//992 1669//993 1564//856 1562//854 
f 1669//993 1670//994 1566//858 1564//856 
f 1670//994 1671//995 1504//796 1566//858 
f 1671//995 1672//996 1505//797 1504//796 
f 1672//996 1673//997 1508//800 1505//797 
f 1673//997 1674//998 1510//802 1508//800 
f 1674//998 1675//999 1512//804 1510//802 
f 1675//999 1676//1000 1514//806 1512//804 
f 1676//1000 1677//1001 1516//808 1514//806 
f 1677//1001 1678//1002 1518//810 1516//808 
f 1678//1002 1679//1003 1520//812 1518//810 
f 1679//1003 1680//1004 1522//814 1520//812 
f 1680//1004 1681//1005 1524//816 1522//814 
f 1681//1005 1682//1006 1526//818 1524//816 
f 1682//1006 1683//1007 1528//820 1526//818 
f 1683//1007 1684//1008 1530//822 1528//820 
f 1684//1008 1685//1009 1532//824 1530//822 
f 1685//1009 1686//1010 1534//826 1532//824 
f 1686//1010 1687//1011 1536//828 1534//826 
f 1687//1011 1688//1012 1538//830 1536//828 
f 1688//1012 1689//1013 1540//832 1538//830 
f 1689//1013 1690//1014 1542//834 1540//832 
f 1690//1014 1691//1015 1544//836 1542//834 
f 1691//1015 1692//1016 1546//838 1544//836 
f 1692//1016 1693//1017 1548//840 1546//838 
f 1693//1017 1694//1018 1550//842 1548//840 
f 1694//1018 1695//1019 1552//844 1550//842 
f 1695//1019 1664//988 1554//846 1552//844 
f 1633//927 1632//926 1555//847 1557//849 
f 1632//926 1634//929 1553//845 1555//847 
f 1634//929 1635//931 1551//843 1553//845 
f 1635//931 1636//933 1549//841 1551//843 
f 1636//933 1637//935 1547//839 1549//841 
f 1637//935 1638//937 1545//837 1547//839 
f 1638//937 1639//939 1543//835 1545//837 
f 1639//939 1640//941 1541//833 1543//835 
f 1640//941 1641//943 1539//831 1541//833 
f 1641//943 1642//945 1537//829 1539//831 
f 1642//945 1643//947 1535//827 1537//829 
f 1643//947 1644//949 1533//825 1535//827 
f 1644//949 1645//951 1531//823 1533//825 
f 1645//951 1646//953 1529//821 1531//823 
f 1646//953 1647//955 1527//819 1529//821 
f 1647//955 1648//957 1525//817 1527//819 
f 1648//957 1649//959 1523//815 1525//817 
f 1649//959 1650//961 1521//813 1523//815 
f 1650//961 1651//963 1519//811 1521//813 
f 1651//963 1652//965 1517//809 1519//811 
f 1652//965 1653//967 1515//807 1517//809 
f 1653//967 1654//969 1513//805 1515//807 
f 1654//969 1655//971 1511//803 1513//805 
f 1655//971 1656//973 1509//801 1511//803 
f 1656//973 1657//975 1506//798 1509//801 
f 1657//975 1658//977 1507//799 1506//798 
f 1658//977 1659//979 1567//859 1507//799 
f 1659//979 1660//981 1565//857 1567//859 
f 1660//981 1661//983 1563//855 1565//857 
f 1661//983 1662//985 1561//853 1563//855 
f 1662//985 1663//987 1559//851 1561//853 
f 1663//987 1633//927 1557//849 1559//851 
f 1592//884 1590//882 1696//790 1594//886 
f 1594//886 1696//790 1697//790 1596//888 
f 1596//888 1697//790 1698//790 1598//890 
f 1598//890 1698//790 1699//790 1600//892 
f 1600//892 1699//790 1700//790 1602//894 
f 1602//894 1700//790 1701//790 1604//896 
f 1604//896 1701//790 1702//790 1606//898 
f 1608//900 1606//898 1702//790 1703//790 
f 1610//902 1608//900 1703//790 1704//790 
f 1612//904 1610//902 1704//790 1705//790 
f 1614//906 1612//904 1705//790 1706//790 
f 1616//908 1614//906 1706//790 1707//790 
f 1618//910 1616//908 1707//790 1708//790 
f 1620//912 1618//910 1708//790 1622//914 
f 1588//880 1586//878 1696//790 1590//882 
f 1586//878 1584//876 1697//790 1696//790 
f 1584//876 1582//874 1698//790 1697//790 
f 1582//874 1580//872 1699//790 1698//790 
f 1580//872 1578//870 1700//790 1699//790 
f 1578//870 1576//868 1701//790 1700//790 
f 1576//868 1574//866 1702//790 1701//790 
f 1702//790 1574//866 1572//864 1703//790 
f 1703//790 1572//864 1568//860 1704//790 
f 1704//790 1568//860 1571//863 1705//790 
f 1705//790 1571//863 1630//922 1706//790 
f 1706//790 1630//922 1628//920 1707//790 
f 1707//790 1628//920 1626//918 1708//790 
f 1708//790 1626//918 1624//916 1622//914 
f 1665//989 1664//988 1570//862 1569//861 
f 1666//990 1665//989 1569//861 1573//865 
f 1667//991 1666//990 1573//865 1575//867 
f 1668//992 1667//991 1575//867 1577//869 
f 1669//993 1668//992 1577//869 1579//871 
f 1670//994 1669//993 1579//871 1581//873 
f 1671//995 1670//994 1581//873 1583//875 
f 1672//996 1671//995 1583//875 1585//877 
f 1673//997 1672//996 1585//877 1587//879 
f 1674//998 1673//997 1587//879 1589//881 
f 1675//999 1674//998 1589//881 1591//883 
f 1676//1000 1675//999 1591//883 1593//885 
f 1677//1001 1676//1000 1593//885 1595//887 
f 1678//1002 1677//1001 1595//887 1597//889 
f 1679//1003 1678//1002 1597//889 1599//891 
f 1680//1004 1679//1003 1599//891 1601//893 
f 1681//1005 1680//1004 1601//893 1603//895 
f 1682//1006 1681//1005 1603//895 1605//897 
f 1683//1007 1682//1006 1605//897 1607//899 
f 1684//1008 1683//1007 1607//899 1609//901 
f 1685//1009 1684//1008 1609//901 1611//903 
f 1686//1010 1685//1009 1611//903 1613//905 
f 1687//1011 1686//1010 1613//905 1615//907 
f 1688//1012 1687//1011 1615//907 1617//909 
f 1689//1013 1688//1012 1617//909 1619//911 
f 1690//1014 1689//1013 1619//911 1621//913 
f 1691//1015 1690//1014 1621//913 1623//915 
f 1692//1016 1691//1015 1623//915 1625//917 
f 1693//1017 1692//1016 1625//917 1627//919 
f 1694//1018 1693//1017 1627//919 1629//921 
f 1695//1019 1694//1018 1629//921 1631//923 
f 1664//988 1695//1019 1631//923 1570//862 
s 1
f 1254//1020 1252//1021 1249//1022 1709//1023 
f 1249//1022 1248//1024 1710//1025 1709//1023 
f 1256//1026 1254//1020 1709//1023 
s 4
f 1251//758 1295//782 1711//1027 1248//755 
f 1302//784 1257//763 1256//762 1712//1028 
s off
f 1241//1029 1268//1029 1713//1029 1238//1029 
s 4
f 1275//771 1247//754 1246//753 1714//1030 
s 2
f 1713//1031 1715//1032 1709//1032 1238//1033 
f 1714//1034 1246//1035 1710//1036 1716//1036 
s 1
f 1714//777 1716//777 1717//777 1275//777 
f 1268//764 1718//764 1715//764 1713//764 
s 2
f 1304//1021 1302//1021 1718//1021 1719//1021 
f 1306//1021 1304//1021 1719//1021 1720//1021 
f 1308//1021 1306//1021 1720//1021 1721//1021 
f 1310//1021 1308//1021 1721//1021 1258//1021 
f 1287//1021 1285//1021 1722//1021 1289//1021 
f 1289//1021 1722//1021 1723//1021 1291//1021 
f 1291//1021 1723//1021 1724//1021 1293//1021 
f 1293//1021 1724//1021 1717//1021 1295//1021 
s 1
f 1246//1037 1244//1038 1242//1039 1238//1040 
f 1242//1039 1239//1041 1238//1040 
f 1246//1037 1238//1040 1709//1023 1710//1025 
s 2
f 1712//1042 1256//1043 1709//1032 1715//1032 
f 1710//1036 1248//1044 1711//1045 1716//1036 
s 1
f 1711//777 1295//777 1717//777 1716//777 
f 1302//764 1712//764 1715//764 1718//764 
s 2
f 1718//1021 1268//1021 1266//1021 1719//1021 
f 1719//1021 1266//1021 1264//1021 1720//1021 
f 1720//1021 1264//1021 1262//1021 1721//1021 
f 1721//1021 1262//1021 1259//1021 1258//1021 
f 1283//1021 1281//1021 1722//1021 1285//1021 
f 1281//1021 1279//1021 1723//1021 1722//1021 
f 1279//1021 1277//1021 1724//1021 1723//1021 
f 1277//1021 1275//1021 1717//1021 1724//1021 
s 1
f 1725//1046 1726//1047 1727//1048 1728//1048 
f 1725//1046 1728//1048 1729//1048 1730//1048 
f 1725//1046 1730//1048 1731//1048 1732//1048 
f 1725//1046 1732//1048 1733//1048 1734//1048 
f 1733//1048 1735//1048 1736//1048 1737//1048 
f 1733//1048 1737//1048 1738//1048 1739//1048 
f 1733//1048 1739//1048 1740//1048 1741//1048 
f 1733//1048 1741//1048 1734//1048 
f 1725//1046 1734//1048 1742//1046 
f 1743//1049 1744//1049 1725//1046 1742//1046 
f 1745//1050 1746//1051 1747//1051 1748//1050 
f 1743//1049 1749//1052 1750//1052 1744//1049 
f 1749//1052 1751//1053 1752//1053 1750//1052 
f 1751//1053 1753//1054 1754//1054 1752//1053 
f 1753//1054 1755//1055 1756//1055 1754//1054 
f 1755//1055 1757//1056 1758//1056 1756//1055 
f 1757//1056 1747//1051 1746//1051 1758//1056 
f 1759//1057 1760//1058 1761//1059 1762//1058 
f 1759//1057 1762//1058 1763//1058 1764//1058 
f 1759//1057 1764//1058 1765//1058 1766//1058 
f 1759//1057 1766//1058 1767//1058 1768//1057 
f 1767//1058 1769//1058 1770//1058 1771//1060 
f 1767//1058 1771//1060 1772//1058 1773//1058 
f 1767//1058 1773//1058 1774//1058 1775//1058 
f 1767//1058 1775//1058 1776//1058 1768//1057 
f 1777//1061 1759//1057 1768//1057 1778//1061 
f 1745//1050 1748//1050 1779//1062 1780//1062 
f 1777//1061 1778//1061 1781//1063 1782//1063 
f 1782//1063 1781//1063 1783//1064 1784//1064 
f 1784//1064 1783//1064 1785//1065 1786//1065 
f 1786//1065 1785//1065 1787//1066 1788//1066 
f 1788//1066 1787//1066 1789//1067 1790//1067 
f 1790//1067 1789//1067 1780//1062 1779//1062 
f 1791//1068 1792//1068 1793//1068 1794//1068 
f 1791//1068 1794//1068 1795//1068 1796//1068 
f 1791//1068 1796//1068 1797//1068 1798//1068 
f 1791//1068 1798//1068 1799//1068 1800//1069 
f 1791//1068 1800//1069 1801//1069 1802//1068 
f 1803//1068 1802//1068 1801//1069 1804//1068 
f 1805//1068 1804//1068 1801//1069 1806//1068 
f 1807//1068 1806//1068 1801//1069 1808//1068 
f 1800//1069 1809//1070 1810//1070 1801//1069 
f 1811//1071 1812//1071 1813//1072 1814//1072 
f 1815//1073 1816//1073 1810//1070 1809//1070 
f 1817//1074 1818//1074 1816//1073 1815//1073 
f 1819//1075 1820//1075 1818//1074 1817//1074 
f 1821//1076 1822//1076 1820//1075 1819//1075 
f 1823//1077 1824//1077 1822//1076 1821//1076 
f 1812//1071 1811//1071 1824//1077 1823//1077 
f 1825//1078 1826//1079 1827//1079 1828//1078 
f 1827//1079 1829//1078 1830//1078 1831//1078 
f 1827//1079 1831//1078 1832//1078 1833//1078 
f 1827//1079 1833//1078 1834//1078 1835//1078 
f 1827//1079 1835//1078 1828//1078 
f 1836//1078 1825//1078 1828//1078 1837//1078 
f 1838//1078 1837//1078 1828//1078 1839//1078 
f 1840//1078 1839//1078 1828//1078 1841//1078 
f 1842//1080 1841//1078 1828//1078 
f 1827//1079 1826//1079 1843//1081 1844//1081 
f 1845//1082 1814//1072 1813//1072 1846//1082 
f 1847//1083 1844//1081 1843//1081 1848//1083 
f 1849//1084 1847//1083 1848//1083 1850//1084 
f 1851//1085 1849//1084 1850//1084 1852//1085 
f 1853//1086 1851//1085 1852//1085 1854//1086 
f 1855//1087 1853//1086 1854//1086 1856//1087 
f 1846//1082 1855//1087 1856//1087 1845//1082 
s 2
f 1800//1088 1799//1089 1726//1089 1725//1088 
f 1792//1090 1791//1091 1735//1091 1733//1090 
f 1808//1092 1801//1093 1742//1093 1734//1092 
f 1801//1093 1810//1093 1743//1093 1742//1093 
f 1809//1088 1800//1088 1725//1088 1744//1088 
f 1811//1093 1814//1093 1748//1093 1747//1093 
f 1813//1088 1812//1088 1746//1094 1745//1088 
f 1815//1088 1809//1088 1744//1088 1750//1088 
f 1810//1093 1816//1095 1749//1095 1743//1093 
f 1817//1094 1815//1088 1750//1088 1752//1094 
f 1816//1095 1818//1093 1751//1093 1749//1095 
f 1819//1094 1817//1094 1752//1094 1754//1094 
f 1818//1093 1820//1095 1753//1095 1751//1093 
f 1821//1094 1819//1094 1754//1094 1756//1094 
f 1820//1095 1822//1095 1755//1095 1753//1095 
f 1823//1094 1821//1094 1756//1094 1758//1094 
f 1822//1095 1824//1095 1757//1095 1755//1095 
f 1812//1088 1823//1094 1758//1094 1746//1094 
f 1824//1095 1811//1093 1747//1093 1757//1095 
f 1826//1095 1825//1096 1760//1096 1759//1095 
f 1842//1097 1828//1098 1769//1098 1767//1097 
f 1829//1099 1827//1094 1768//1094 1776//1099 
f 1827//1094 1844//1088 1778//1088 1768//1094 
f 1843//1095 1826//1095 1759//1095 1777//1095 
f 1846//1094 1813//1088 1745//1088 1780//1094 
f 1814//1093 1845//1093 1779//1093 1748//1093 
f 1848//1093 1843//1095 1777//1095 1782//1093 
f 1844//1088 1847//1094 1781//1094 1778//1088 
f 1850//1093 1848//1093 1782//1093 1784//1093 
f 1847//1094 1849//1088 1783//1088 1781//1094 
f 1852//1093 1850//1093 1784//1093 1786//1093 
f 1849//1088 1851//1088 1785//1088 1783//1088 
f 1854//1093 1852//1093 1786//1093 1788//1093 
f 1851//1088 1853//1088 1787//1088 1785//1088 
f 1856//1095 1854//1093 1788//1093 1790//1095 
f 1853//1088 1855//1088 1789//1088 1787//1088 
f 1845//1093 1856//1095 1790//1095 1779//1093 
f 1855//1088 1846//1094 1780//1094 1789//1088 
f 1727//1100 1726//1089 1799//1089 1798//1100 
f 1736//1101 1735//1091 1791//1091 1802//1101 
f 1761//1102 1760//1096 1825//1096 1836//1102 
f 1770//1103 1769//1098 1828//1098 1835//1103 
f 1728//1104 1727//1100 1798//1100 1797//1104 
f 1729//1105 1728//1104 1797//1104 1796//1105 
f 1730//1106 1729//1105 1796//1105 1795//1106 
f 1731//1107 1730//1106 1795//1106 1794//1107 
f 1732//1108 1731//1107 1794//1107 1793//1108 
f 1733//1090 1732//1108 1793//1108 1792//1090 
f 1737//1109 1736//1101 1802//1101 1803//1109 
f 1738//1110 1737//1109 1803//1109 1804//1110 
f 1739//1111 1738//1110 1804//1110 1805//1111 
f 1740//1112 1739//1111 1805//1111 1806//1112 
f 1741//1113 1740//1112 1806//1112 1807//1114 
f 1734//1092 1741//1113 1807//1114 1808//1092 
f 1762//1115 1761//1102 1836//1102 1837//1115 
f 1763//1116 1762//1115 1837//1115 1838//1116 
f 1764//1117 1763//1116 1838//1116 1839//1117 
f 1765//1118 1764//1117 1839//1117 1840//1118 
f 1766//1119 1765//1118 1840//1118 1841//1119 
f 1767//1097 1766//1119 1841//1119 1842//1097 
f 1771//1120 1770//1103 1835//1103 1834//1120 
f 1772//1121 1771//1120 1834//1120 1833//1121 
f 1773//1122 1772//1121 1833//1121 1832//1122 
f 1774//1123 1773//1122 1832//1122 1831//1123 
f 1775//1124 1774//1123 1831//1123 1830//1124 
f 1776//1099 1775//1124 1830//1124 1829//1099 
s 8
f 1857//1125 1858//1126 1859//1127 
f 1857//1125 1859//1127 1860//1128 
f 1857//1125 1860//1128 1861//1129 
f 1857//1125 1861//1129 1862//1130 
f 1857//1125 1862//1130 1863//1131 
f 1857//1125 1863//1131 1864//1132 
f 1857//1125 1864//1132 1865//1133 
f 1857//1125 1865//1133 1866//1134 
f 1857//1125 1866//1134 1867//1135 
f 1857//1125 1867//1135 1868//1136 
f 1857//1125 1868//1136 1869//1137 
f 1857//1125 1869//1137 1870//1138 
f 1857//1125 1870//1138 1871//1139 
f 1857//1125 1871//1139 1872//1140 
f 1857//1125 1872//1140 1873//1141 
f 1857//1125 1873//1141 1874//1142 
f 1875//1143 1859//1127 1858//1126 1876//1144 
f 1877//1145 1860//1128 1859//1127 1875//1143 
f 1878//1146 1861//1129 1860//1128 1877//1145 
f 1879//1147 1862//1130 1861//1129 1878//1146 
f 1880//1148 1863//1131 1862//1130 1879//1147 
f 1881//1149 1864//1132 1863//1131 1880//1148 
f 1882//1150 1865//1133 1864//1132 1881//1149 
f 1883//1151 1866//1134 1865//1133 1882//1150 
f 1884//1152 1867//1135 1866//1134 1883//1151 
f 1885//1153 1868//1136 1867//1135 1884//1152 
f 1886//1154 1869//1137 1868//1136 1885//1153 
f 1887//1155 1870//1138 1869//1137 1886//1154 
f 1888//1156 1871//1139 1870//1138 1887//1155 
f 1889//1157 1872//1140 1871//1139 1888//1156 
f 1890//1158 1873//1141 1872//1140 1889//1157 
f 1891//1159 1874//1142 1873//1141 1890//1158 
f 1892//1160 1875//1143 1876//1144 1893//1161 
f 1894//1162 1877//1145 1875//1143 1892//1160 
f 1895//1163 1878//1146 1877//1145 1894//1162 
f 1896//1164 1879//1147 1878//1146 1895//1163 
f 1897//1165 1880//1148 1879//1147 1896//1164 
f 1898//1166 1881//1149 1880//1148 1897//1165 
f 1899//1167 1882//1150 1881//1149 1898//1166 
f 1900//1168 1883//1151 1882//1150 1899//1167 
f 1901//1169 1884//1152 1883//1151 1900//1168 
f 1902//1170 1885//1153 1884//1152 1901//1169 
f 1903//1171 1886//1154 1885//1153 1902//1170 
f 1904//1172 1887//1155 1886//1154 1903//1171 
f 1905//1173 1888//1156 1887//1155 1904//1172 
f 1906//1174 1889//1157 1888//1156 1905//1173 
f 1907//1175 1890//1158 1889//1157 1906//1174 
f 1908//1176 1891//1159 1890//1158 1907//1175 
f 1909//1177 1892//1160 1893//1161 1910//1178 
f 1911//1179 1894//1162 1892//1160 1909//1177 
f 1912//1180 1895//1163 1894//1162 1911//1179 
f 1913//1181 1896//1164 1895//1163 1912//1180 
f 1914//1182 1897//1165 1896//1164 1913//1181 
f 1915//1183 1898//1166 1897//1165 1914//1182 
f 1916//1184 1899//1167 1898//1166 1915//1183 
f 1917//1185 1900//1168 1899//1167 1916//1184 
f 1918//1186 1901//1169 1900//1168 1917//1185 
f 1919//1187 1902//1170 1901//1169 1918//1186 
f 1920//1188 1903//1171 1902//1170 1919//1187 
f 1921//1189 1904//1172 1903//1171 1920//1188 
f 1922//1190 1905//1173 1904//1172 1921//1189 
f 1923//1191 1906//1174 1905//1173 1922//1190 
f 1924//1192 1907//1175 1906//1174 1923//1191 
f 1925//1193 1908//1176 1907//1175 1924//1192 
f 1926//1194 1909//1177 1910//1178 1927//1195 
f 1928//1196 1911//1179 1909//1177 1926//1194 
f 1929//1197 1912//1180 1911//1179 1928//1196 
f 1930//1198 1913//1181 1912//1180 1929//1197 
f 1931//1199 1914//1182 1913//1181 1930//1198 
f 1932//1200 1915//1183 1914//1182 1931//1199 
f 1933//1201 1916//1184 1915//1183 1932//1200 
f 1934//1202 1917//1185 1916//1184 1933//1201 
f 1935//1203 1918//1186 1917//1185 1934//1202 
f 1936//1204 1919//1187 1918//1186 1935//1203 
f 1937//1205 1920//1188 1919//1187 1936//1204 
f 1938//1206 1921//1189 1920//1188 1937//1205 
f 1939//1207 1922//1190 1921//1189 1938//1206 
f 1940//1208 1923//1191 1922//1190 1939//1207 
f 1941//1209 1924//1192 1923//1191 1940//1208 
f 1942//1210 1925//1193 1924//1192 1941//1209 
f 1943//1211 1926//1194 1927//1195 1944//1212 
f 1945//1213 1928//1196 1926//1194 1943//1211 
f 1946//1214 1929//1197 1928//1196 1945//1213 
f 1947//1215 1930//1198 1929//1197 1946//1214 
f 1948//1216 1931//1199 1930//1198 1947//1215 
f 1949//1217 1932//1200 1931//1199 1948//1216 
f 1950//1218 1933//1201 1932//1200 1949//1217 
f 1951//1219 1934//1202 1933//1201 1950//1218 
f 1952//1220 1935//1203 1934//1202 1951//1219 
f 1953//1221 1936//1204 1935//1203 1952//1220 
f 1954//1222 1937//1205 1936//1204 1953//1221 
f 1955//1223 1938//1206 1937//1205 1954//1222 
f 1956//1224 1939//1207 1938//1206 1955//1223 
f 1957//1225 1940//1208 1939//1207 1956//1224 
f 1958//1226 1941//1209 1940//1208 1957//1225 
f 1959//1227 1942//1210 1941//1209 1958//1226 
f 1960//1228 1943//1211 1944//1212 1961//1229 
f 1962//1230 1945//1213 1943//1211 1960//1228 
f 1963//1231 1946//1214 1945//1213 1962//1230 
f 1964//1232 1947//1215 1946//1214 1963//1231 
f 1965//1233 1948//1216 1947//1215 1964//1232 
f 1966//1234 1949//1217 1948//1216 1965//1233 
f 1967//1235 1950//1218 1949//1217 1966//1234 
f 1968//1236 1951//1219 1950//1218 1967//1235 
f 1969//1237 1952//1220 1951//1219 1968//1236 
f 1970//1238 1953//1221 1952//1220 1969//1237 
f 1971//1239 1954//1222 1953//1221 1970//1238 
f 1972//1240 1955//1223 1954//1222 1971//1239 
f 1973//1241 1956//1224 1955//1223 1972//1240 
f 1974//1242 1957//1225 1956//1224 1973//1241 
f 1975//1243 1958//1226 1957//1225 1974//1242 
f 1976//1244 1959//1227 1958//1226 1975//1243 
f 1977//1245 1960//1228 1961//1229 1978//1246 
f 1979//1247 1962//1230 1960//1228 1977//1245 
f 1980//1248 1963//1231 1962//1230 1979//1247 
f 1981//1249 1964//1232 1963//1231 1980//1248 
f 1982//1250 1965//1233 1964//1232 1981//1249 
f 1983//1251 1966//1234 1965//1233 1982//1250 
f 1984//1252 1967//1235 1966//1234 1983//1251 
f 1985//1253 1968//1236 1967//1235 1984//1252 
f 1986//1254 1969//1237 1968//1236 1985//1253 
f 1987//1255 1970//1238 1969//1237 1986//1254 
f 1988//1256 1971//1239 1970//1238 1987//1255 
f 1989//1257 1972//1240 1971//1239 1988//1256 
f 1990//1258 1973//1241 1972//1240 1989//1257 
f 1991//1259 1974//1242 1973//1241 1990//1258 
f 1992//1260 1975//1243 1974//1242 1991//1259 
f 1993//1261 1976//1244 1975//1243 1992//1260 
f 1978//1246 1994//1262 1995//1263 1977//1245 
f 1977//1245 1995//1263 1996//1264 1979//1247 
f 1979//1247 1996//1264 1997//1265 1980//1248 
f 1980//1248 1997//1265 1998//1266 1981//1249 
f 1981//1249 1998//1266 1999//1267 1982//1250 
f 1982//1250 1999//1267 2000//1268 1983//1251 
f 1983//1251 2000//1268 2001//1269 1984//1252 
f 1984//1252 2001//1269 2002//764 1985//1253 
f 1985//1253 2002//764 2003//1270 1986//1254 
f 1986//1254 2003//1270 2004//1271 1987//1255 
f 1987//1255 2004//1271 2005//1272 1988//1256 
f 1988//1256 2005//1272 2006//1273 1989//1257 
f 1989//1257 2006//1273 2007//1274 1990//1258 
f 1990//1258 2007//1274 2008//1275 1991//1259 
f 1991//1259 2008//1275 2009//1276 1992//1260 
f 1992//1260 2009//1276 2010//1277 1993//1261 
f 2011//1278 2012//1263 1995//1263 1994//1262 
f 2012//1263 2013//1279 1996//1264 1995//1263 
f 2013//1279 2014//1265 1997//1265 1996//1264 
f 2014//1265 2015//1280 1998//1266 1997//1265 
f 2015//1280 2016//1281 1999//1267 1998//1266 
f 2016//1281 2017//1282 2000//1268 1999//1267 
f 2017//1282 2018//1269 2001//1269 2000//1268 
f 2018//1269 2019//1283 2002//764 2001//1269 
f 2019//1283 2020//1284 2003//1270 2002//764 
f 2020//1284 2021//1271 2004//1271 2003//1270 
f 2021//1271 2022//1285 2005//1272 2004//1271 
f 2022//1285 2023//1286 2006//1273 2005//1272 
f 2023//1286 2024//1287 2007//1274 2006//1273 
f 2024//1287 2025//1275 2008//1275 2007//1274 
f 2025//1275 2026//1288 2009//1276 2008//1275 
f 2026//1288 2027//1289 2010//1277 2009//1276 
f 2028//1290 2029//1291 2030//1292 
f 2028//1290 2031//1293 2029//1291 
f 2028//1290 2032//1294 2031//1293 
f 2028//1290 2033//1295 2032//1294 
f 2028//1290 2034//1296 2033//1295 
f 2028//1290 2035//1297 2034//1296 
f 2028//1290 2036//1298 2035//1297 
f 2028//1290 2037//1299 2036//1298 
f 2028//1290 2038//1300 2037//1299 
f 2028//1290 2039//1301 2038//1300 
f 2028//1290 2040//1302 2039//1301 
f 2028//1290 2041//1303 2040//1302 
f 2028//1290 2042//1304 2041//1303 
f 2028//1290 2043//1305 2042//1304 
f 2028//1290 2044//1306 2043//1305 
f 2028//1290 2045//1307 2044//1306 
f 2046//1308 2047//1309 2030//1292 2029//1291 
f 2048//1310 2046//1308 2029//1291 2031//1293 
f 2049//1311 2048//1310 2031//1293 2032//1294 
f 2050//1312 2049//1311 2032//1294 2033//1295 
f 2051//1313 2050//1312 2033//1295 2034//1296 
f 2052//1314 2051//1313 2034//1296 2035//1297 
f 2053//1315 2052//1314 2035//1297 2036//1298 
f 2054//1316 2053//1315 2036//1298 2037//1299 
f 2055//1317 2054//1316 2037//1299 2038//1300 
f 2056//1318 2055//1317 2038//1300 2039//1301 
f 2057//1319 2056//1318 2039//1301 2040//1302 
f 2058//1320 2057//1319 2040//1302 2041//1303 
f 2059//1321 2058//1320 2041//1303 2042//1304 
f 2060//1322 2059//1321 2042//1304 2043//1305 
f 2061//1323 2060//1322 2043//1305 2044//1306 
f 2062//1324 2061//1323 2044//1306 2045//1307 
f 2063//1325 2064//1326 2047//1309 2046//1308 
f 2065//1327 2063//1325 2046//1308 2048//1310 
f 2066//1328 2065//1327 2048//1310 2049//1311 
f 2067//1329 2066//1328 2049//1311 2050//1312 
f 2068//1330 2067//1329 2050//1312 2051//1313 
f 2069//1331 2068//1330 2051//1313 2052//1314 
f 2070//1332 2069//1331 2052//1314 2053//1315 
f 2071//1333 2070//1332 2053//1315 2054//1316 
f 2072//1334 2071//1333 2054//1316 2055//1317 
f 2073//1335 2072//1334 2055//1317 2056//1318 
f 2074//1336 2073//1335 2056//1318 2057//1319 
f 2075//1337 2074//1336 2057//1319 2058//1320 
f 2076//1338 2075//1337 2058//1320 2059//1321 
f 2077//1339 2076//1338 2059//1321 2060//1322 
f 2078//1340 2077//1339 2060//1322 2061//1323 
f 2079//1341 2078//1340 2061//1323 2062//1324 
f 2080//1342 2081//1343 2064//1326 2063//1325 
f 2082//1344 2080//1342 2063//1325 2065//1327 
f 2083//1345 2082//1344 2065//1327 2066//1328 
f 2084//1346 2083//1345 2066//1328 2067//1329 
f 2085//1347 2084//1346 2067//1329 2068//1330 
f 2086//1348 2085//1347 2068//1330 2069//1331 
f 2087//1349 2086//1348 2069//1331 2070//1332 
f 2088//1350 2087//1349 2070//1332 2071//1333 
f 2089//1351 2088//1350 2071//1333 2072//1334 
f 2090//1352 2089//1351 2072//1334 2073//1335 
f 2091//1353 2090//1352 2073//1335 2074//1336 
f 2092//1354 2091//1353 2074//1336 2075//1337 
f 2093//1355 2092//1354 2075//1337 2076//1338 
f 2094//1356 2093//1355 2076//1338 2077//1339 
f 2095//1357 2094//1356 2077//1339 2078//1340 
f 2096//1358 2095//1357 2078//1340 2079//1341 
f 2097//1359 2098//1360 2081//1343 2080//1342 
f 2099//1361 2097//1359 2080//1342 2082//1344 
f 2100//1362 2099//1361 2082//1344 2083//1345 
f 2101//1363 2100//1362 2083//1345 2084//1346 
f 2102//1364 2101//1363 2084//1346 2085//1347 
f 2103//1365 2102//1364 2085//1347 2086//1348 
f 2104//1366 2103//1365 2086//1348 2087//1349 
f 2105//1367 2104//1366 2087//1349 2088//1350 
f 2106//1368 2105//1367 2088//1350 2089//1351 
f 2107//1369 2106//1368 2089//1351 2090//1352 
f 2108//1370 2107//1369 2090//1352 2091//1353 
f 2109//1371 2108//1370 2091//1353 2092//1354 
f 2110//1372 2109//1371 2092//1354 2093//1355 
f 2111//1373 2110//1372 2093//1355 2094//1356 
f 2112//1374 2111//1373 2094//1356 2095//1357 
f 2113//1375 2112//1374 2095//1357 2096//1358 
f 2114//1376 2115//1377 2098//1360 2097//1359 
f 2116//1378 2114//1376 2097//1359 2099//1361 
f 2117//1379 2116//1378 2099//1361 2100//1362 
f 2118//1380 2117//1379 2100//1362 2101//1363 
f 2119//1381 2118//1380 2101//1363 2102//1364 
f 2120//1382 2119//1381 2102//1364 2103//1365 
f 2121//1383 2120//1382 2103//1365 2104//1366 
f 2122//1384 2121//1383 2104//1366 2105//1367 
f 2123//1385 2122//1384 2105//1367 2106//1368 
f 2124//1386 2123//1385 2106//1368 2107//1369 
f 2125//1387 2124//1386 2107//1369 2108//1370 
f 2126//1388 2125//1387 2108//1370 2109//1371 
f 2127//1389 2126//1388 2109//1371 2110//1372 
f 2128//1390 2127//1389 2110//1372 2111//1373 
f 2129//1391 2128//1390 2111//1373 2112//1374 
f 2130//1392 2129//1391 2112//1374 2113//1375 
f 2131//1393 2132//1394 2115//1377 2114//1376 
f 2133//1395 2131//1393 2114//1376 2116//1378 
f 2134//1396 2133//1395 2116//1378 2117//1379 
f 2135//1397 2134//1396 2117//1379 2118//1380 
f 2136//1398 2135//1397 2118//1380 2119//1381 
f 2137//1399 2136//1398 2119//1381 2120//1382 
f 2138//1400 2137//1399 2120//1382 2121//1383 
f 2139//1401 2138//1400 2121//1383 2122//1384 
f 2140//1402 2139//1401 2122//1384 2123//1385 
f 2141//1403 2140//1402 2123//1385 2124//1386 
f 2142//1404 2141//1403 2124//1386 2125//1387 
f 2143//1405 2142//1404 2125//1387 2126//1388 
f 2144//1406 2143//1405 2126//1388 2127//1389 
f 2145//1407 2144//1406 2127//1389 2128//1390 
f 2146//1408 2145//1407 2128//1390 2129//1391 
f 2147//1409 2146//1408 2129//1391 2130//1392 
f 2148//1410 2149//1411 2132//1394 2131//1393 
f 2150//1412 2148//1410 2131//1393 2133//1395 
f 2151//1413 2150//1412 2133//1395 2134//1396 
f 2152//1414 2151//1413 2134//1396 2135//1397 
f 2153//1415 2152//1414 2135//1397 2136//1398 
f 2154//1416 2153//1415 2136//1398 2137//1399 
f 2155//1417 2154//1416 2137//1399 2138//1400 
f 2156//1418 2155//1417 2138//1400 2139//1401 
f 2157//1419 2156//1418 2139//1401 2140//1402 
f 2158//1420 2157//1419 2140//1402 2141//1403 
f 2159//1421 2158//1420 2141//1403 2142//1404 
f 2160//1422 2159//1421 2142//1404 2143//1405 
f 2161//1423 2160//1422 2143//1405 2144//1406 
f 2162//1424 2161//1423 2144//1406 2145//1407 
f 2163//1425 2162//1424 2145//1407 2146//1408 
f 2164//1426 2163//1425 2146//1408 2147//1409 
f 2149//1411 2148//1410 2165//1427 2166//1428 
f 2148//1410 2150//1412 2167//1429 2165//1427 
f 2150//1412 2151//1413 2168//1430 2167//1429 
f 2151//1413 2152//1414 2169//1431 2168//1430 
f 2152//1414 2153//1415 2170//1432 2169//1431 
f 2153//1415 2154//1416 2171//1433 2170//1432 
f 2154//1416 2155//1417 2172//1434 2171//1433 
f 2155//1417 2156//1418 2173//1435 2172//1434 
f 2156//1418 2157//1419 2174//1436 2173//1435 
f 2157//1419 2158//1420 2175//1437 2174//1436 
f 2158//1420 2159//1421 2176//1438 2175//1437 
f 2159//1421 2160//1422 2177//1439 2176//1438 
f 2160//1422 2161//1423 2178//1440 2177//1439 
f 2161//1423 2162//1424 2179//1441 2178//1440 
f 2162//1424 2163//1425 2180//1442 2179//1441 
f 2163//1425 2164//1426 2181//1443 2180//1442 
f 2182//1444 2166//1428 2165//1427 2183//1445 
f 2183//1445 2165//1427 2167//1429 2184//1429 
f 2184//1429 2167//1429 2168//1430 2185//1446 
f 2185//1446 2168//1430 2169//1431 2186//1447 
f 2186//1447 2169//1431 2170//1432 2187//1432 
f 2187//1432 2170//1432 2171//1433 2188//1433 
f 2188//1433 2171//1433 2172//1434 2189//1434 
f 2189//1434 2172//1434 2173//1435 2190//1435 
f 2190//1435 2173//1435 2174//1436 2191//1448 
f 2191//1448 2174//1436 2175//1437 2192//1437 
f 2192//1437 2175//1437 2176//1438 2193//1449 
f 2193//1449 2176//1438 2177//1439 2194//1439 
f 2194//1439 2177//1439 2178//1440 2195//1450 
f 2195//1450 2178//1440 2179//1441 2196//1441 
f 2196//1441 2179//1441 2180//1442 2197//1451 
f 2197//1451 2180//1442 2181//1443 2198//1452 
s 1
f 2181//792 2199//792 2200//792 2198//1453 
s 2
f 2164//792 2201//792 2199//1453 2181//792 
s 4
f 2045//1453 2028//1453 2202//1453 2062//1453 
f 2062//1453 2202//1453 2203//1453 2079//1453 
f 2079//1453 2203//1453 2204//1453 2096//1453 
f 2096//1453 2204//1453 2205//1453 2113//1453 
f 2113//1453 2205//1453 2206//1453 2130//1453 
f 2130//1453 2206//1453 2207//1453 2147//1453 
f 2147//1453 2207//1453 2201//1453 2164//1453 
s 1
f 2166//792 2182//792 2200//792 2199//792 
s 2
f 2149//1453 2166//1453 2199//1453 2201//792 
s 4
f 2030//1453 2047//1453 2202//1453 2028//1453 
f 2047//1453 2064//1453 2203//1453 2202//1453 
f 2064//1453 2081//1453 2204//1453 2203//1453 
f 2081//1453 2098//1453 2205//1453 2204//1453 
f 2098//1453 2115//1453 2206//1453 2205//1453 
f 2115//1453 2132//1453 2207//1453 2206//1453 
f 2132//1453 2149//1453 2201//1453 2207//1453 
s 1
f 1994//777 2208//777 2209//777 2011//777 
s 2
f 2010//777 2208//1454 2210//777 1993//777 
s 4
f 1858//1454 1857//1454 2211//1454 1876//1454 
f 1876//1454 2211//1454 2212//1454 1893//1454 
f 1893//1454 2212//1454 2213//1454 1910//1454 
f 1910//1454 2213//1454 2214//1454 1927//1454 
f 1927//1454 2214//1454 2215//1454 1944//1454 
f 1944//1454 2215//1454 2216//1454 1961//1454 
f 1961//1454 2216//1454 2210//1454 1978//1454 
s 1
f 2010//1454 2027//1454 2209//777 2208//777 
s 2
f 1994//777 1978//777 2210//777 2208//1454 
s 4
f 1874//1454 1891//1454 2211//1454 1857//1454 
f 1891//1454 1908//1454 2212//1454 2211//1454 
f 1908//1454 1925//1454 2213//1454 2212//1454 
f 1925//1454 1942//1454 2214//1454 2213//1454 
f 1942//1454 1959//1454 2215//1454 2214//1454 
f 1959//1454 1976//1454 2216//1454 2215//1454 
f 1976//1454 1993//1454 2210//1454 2216//1454 
s 8
f 2012//1263 2011//1278 2217//1278 2218//1263 
f 2013//1279 2012//1263 2218//1263 2219//1279 
f 2014//1265 2013//1279 2219//1279 2220//1265 
f 2015//1280 2014//1265 2220//1265 2221//1280 
f 2016//1281 2015//1280 2221//1280 2222//1267 
f 2017//1282 2016//1281 2222//1267 2223//1282 
f 2018//1269 2017//1282 2223//1282 2224//1269 
f 2019//1283 2018//1269 2224//1269 2225//1283 
f 2020//1284 2019//1283 2225//1283 2226//1284 
f 2021//1271 2020//1284 2226//1284 2227//1271 
f 2022//1285 2021//1271 2227//1271 2228//1272 
f 2023//1286 2022//1285 2228//1272 2229//1286 
f 2024//1287 2023//1286 2229//1286 2230//1274 
f 2025//1275 2024//1287 2230//1274 2231//1275 
f 2026//1288 2025//1275 2231//1275 2232//1288 
f 2027//1289 2026//1288 2232//1288 2233//1289 
f 2182//1444 2183//1445 2234//1445 2235//1428 
f 2183//1445 2184//1429 2236//1429 2234//1445 
f 2184//1429 2185//1446 2237//1446 2236//1429 
f 2185//1446 2186//1447 2238//1447 2237//1446 
f 2186//1447 2187//1432 2239//1455 2238//1447 
f 2187//1432 2188//1433 2240//1433 2239//1455 
f 2188//1433 2189//1434 2241//1456 2240//1433 
f 2189//1434 2190//1435 2242//1435 2241//1456 
f 2190//1435 2191//1448 2243//1436 2242//1435 
f 2191//1448 2192//1437 2244//1437 2243//1436 
f 2192//1437 2193//1449 2245//1449 2244//1437 
f 2193//1449 2194//1439 2246//1457 2245//1449 
f 2194//1439 2195//1450 2247//1450 2246//1457 
f 2195//1450 2196//1441 2248//1441 2247//1450 
f 2196//1441 2197//1451 2249//1442 2248//1441 
f 2197//1451 2198//1452 2250//1452 2249//1442 
s off
f 2200//792 2182//792 2235//792 2251//792 
f 2198//1453 2200//1453 2251//1453 2250//1453 
f 2209//777 2027//777 2233//777 2252//777 
f 2011//777 2209//777 2252//777 2217//777 
s 1
f 2253//1458 2254//1459 2255//792 2256//1453 
f 2257//1460 2258//1460 2254//1459 2253//1458 
f 2259//1461 2260//1462 2258//1460 2257//1460 
f 2261//1463 2262//1463 2260//1462 2259//1461 
f 2263//1464 2264//1464 2262//1463 2261//1463 
f 2265//1465 2266//1465 2264//1464 2263//1464 
f 2267//1466 2268//1466 2266//1465 2265//1465 
f 2269//1467 2270//1467 2268//1466 2267//1466 
f 2271//1435 2272//1435 2270//1467 2269//1467 
f 2273//1468 2274//1468 2272//1435 2271//1435 
f 2275//1469 2276//1469 2274//1468 2273//1468 
f 2277//1470 2278//1470 2276//1469 2275//1469 
f 2279//1471 2280//1471 2278//1470 2277//1470 
f 2281//1472 2282//1472 2280//1471 2279//1471 
f 2283//1473 2284//1473 2282//1472 2281//1472 
f 2285//1474 2286//1474 2284//1473 2283//1473 
f 2287//1475 2288//1475 2286//1474 2285//1474 
f 2256//1453 2255//792 2288//1475 2287//1475 
f 2289//1476 2290//1477 2291//1476 2292//1476 
f 2291//1476 2293//1477 2294//1477 2295//1478 
f 2294//1477 2296//1477 2295//1478 
f 2295//1478 2297//1478 2298//1477 2299//1478 
f 2298//1477 2300//1479 2299//1478 
f 2299//1478 2301//1476 2302//1479 2303//1478 
f 2302//1479 2304//1478 2303//1478 
f 2295//1478 2299//1478 2303//1478 2291//1476 
f 2303//1478 2305//1477 2292//1476 2291//1476 
f 2306//1476 2289//1476 2292//1476 
s 2
f 2289//1459 2306//1453 2307//792 2308//1459 
f 2290//1460 2289//1459 2308//1459 2309//1460 
f 2291//1462 2290//1460 2309//1460 2310//1462 
f 2293//1463 2291//1462 2310//1462 2311//1480 
f 2294//1464 2293//1463 2311//1480 2312//1464 
f 2296//1465 2294//1464 2312//1464 2313//1465 
f 2295//1481 2296//1465 2313//1465 2314//1481 
f 2297//1482 2295//1481 2314//1481 2315//1467 
f 2298//1435 2297//1482 2315//1467 2316//777 
f 2300//1483 2298//1435 2316//777 2317//1483 
f 2299//1484 2300//1483 2317//1483 2318//1484 
f 2301//1470 2299//1484 2318//1484 2319//1485 
f 2302//1486 2301//1470 2319//1485 2320//1486 
f 2304//1472 2302//1486 2320//1486 2321//1472 
f 2303//1487 2304//1472 2321//1472 2322//1487 
f 2305//1488 2303//1487 2322//1487 2323//1488 
f 2292//1489 2305//1488 2323//1488 2324//1475 
f 2306//1453 2292//1489 2324//1475 2307//792 
s 4
f 2308//1490 2307//1491 2255//1492 2254//1490 
f 2307//1491 2324//1493 2288//1493 2255//1492 
f 2324//1493 2323//1494 2286//1494 2288//1493 
f 2323//1494 2322//1495 2284//1495 2286//1494 
f 2322//1495 2321//1496 2282//1496 2284//1495 
f 2321//1496 2320//1497 2280//1497 2282//1496 
f 2320//1497 2319//1498 2278//1498 2280//1497 
f 2319//1498 2318//1499 2276//1499 2278//1498 
f 2318//1499 2317//1500 2274//1500 2276//1499 
f 2317//1500 2316//1501 2272//1501 2274//1500 
f 2316//1501 2315//1502 2270//1502 2272//1501 
f 2315//1502 2314//1503 2268//1503 2270//1502 
f 2314//1503 2313//1504 2266//1504 2268//1503 
f 2313//1504 2312//1505 2264//1505 2266//1504 
f 2312//1505 2311//1506 2262//1506 2264//1505 
f 2311//1506 2310//1507 2260//1507 2262//1506 
f 2310//1507 2309//1508 2258//1508 2260//1507 
f 2309//1508 2308//1490 2254//1490 2258//1508 
# 1032 polygons - 42 triangles

